http://irail.be/vehicle/S85681,http://irail.be/stations/NMBS/008811676,S8,2018-08-09T11:02:00,2018-08-09T11:02:00,61,
http://irail.be/vehicle/S85681,http://irail.be/stations/NMBS/008811601,S8,2018-08-09T11:09:00,2018-08-09T11:09:00,,116
http://irail.be/vehicle/S85681,http://irail.be/stations/NMBS/008811676,S8,2018-09-13T11:02:00,2018-09-13T11:02:00,12,
http://irail.be/vehicle/S85681,http://irail.be/stations/NMBS/008811601,S8,2018-09-13T11:09:00,2018-09-13T11:09:00,,190
http://irail.be/vehicle/S85681,http://irail.be/stations/NMBS/008811676,S8,2018-09-14T11:02:00,2018-09-14T11:02:00,18,
http://irail.be/vehicle/S85681,http://irail.be/stations/NMBS/008811601,S8,2018-09-14T11:09:00,2018-09-14T11:09:00,,262
http://irail.be/vehicle/S85681,http://irail.be/stations/NMBS/008811676,S8,2018-06-03T11:02:00,2018-06-03T11:02:00,9,
http://irail.be/vehicle/S85681,http://irail.be/stations/NMBS/008811601,S8,2018-06-03T11:09:00,2018-06-03T11:09:00,,61
http://irail.be/vehicle/S85681,http://irail.be/stations/NMBS/008811676,S8,2018-09-04T11:02:00,2018-09-04T11:02:00,31,
http://irail.be/vehicle/S85681,http://irail.be/stations/NMBS/008811601,S8,2018-09-04T11:09:00,2018-09-04T11:09:00,,407
http://irail.be/vehicle/S85681,http://irail.be/stations/NMBS/008811676,S8,2018-01-08T11:02:00,2018-01-08T11:02:00,22,
http://irail.be/vehicle/S85681,http://irail.be/stations/NMBS/008811601,S8,2018-01-08T11:09:00,2018-01-08T11:09:00,,130
http://irail.be/vehicle/S85681,http://irail.be/stations/NMBS/008811676,S8,2018-05-07T11:02:00,2018-05-07T11:02:00,10,
http://irail.be/vehicle/S85681,http://irail.be/stations/NMBS/008811601,S8,2018-05-07T11:09:00,2018-05-07T11:09:00,,28
http://irail.be/vehicle/S85681,http://irail.be/stations/NMBS/008811676,S8,2018-09-25T11:02:00,2018-09-25T11:02:00,31,
http://irail.be/vehicle/S85681,http://irail.be/stations/NMBS/008811601,S8,2018-09-25T11:09:00,2018-09-25T11:09:00,,197
http://irail.be/vehicle/S85681,http://irail.be/stations/NMBS/008811676,S8,2018-11-04T11:02:00,2018-11-04T11:02:00,20,
http://irail.be/vehicle/S85681,http://irail.be/stations/NMBS/008811601,S8,2018-11-04T11:09:00,2018-11-04T11:09:00,,51
http://irail.be/vehicle/S85681,http://irail.be/stations/NMBS/008811676,S8,2018-09-15T11:02:00,2018-09-15T11:02:00,27,
http://irail.be/vehicle/S85681,http://irail.be/stations/NMBS/008811601,S8,2018-09-15T11:09:00,2018-09-15T11:09:00,,41
http://irail.be/vehicle/S85681,http://irail.be/stations/NMBS/008811676,S8,2018-10-13T11:02:00,2018-10-13T11:02:00,116,
http://irail.be/vehicle/S85681,http://irail.be/stations/NMBS/008811601,S8,2018-10-13T11:09:00,2018-10-13T11:09:00,,116
http://irail.be/vehicle/S85681,http://irail.be/stations/NMBS/008811676,S8,2018-03-05T11:02:00,2018-03-05T11:02:00,13,
http://irail.be/vehicle/S85681,http://irail.be/stations/NMBS/008811601,S8,2018-03-05T11:09:00,2018-03-05T11:09:00,,12
http://irail.be/vehicle/S85681,http://irail.be/stations/NMBS/008811676,S8,2018-11-10T11:02:00,2018-11-10T11:02:00,28,
http://irail.be/vehicle/S85681,http://irail.be/stations/NMBS/008811601,S8,2018-11-10T11:09:00,2018-11-10T11:09:00,,81
http://irail.be/vehicle/S85681,http://irail.be/stations/NMBS/008811676,S8,2018-06-01T11:02:00,2018-06-01T11:02:00,26,
http://irail.be/vehicle/S85681,http://irail.be/stations/NMBS/008811601,S8,2018-06-01T11:09:00,2018-06-01T11:09:00,,42
http://irail.be/vehicle/S85681,http://irail.be/stations/NMBS/008811676,S8,2018-05-13T11:02:00,2018-05-13T11:02:00,5,
http://irail.be/vehicle/S85681,http://irail.be/stations/NMBS/008811601,S8,2018-05-13T11:09:00,2018-05-13T11:09:00,,11
http://irail.be/vehicle/S85681,http://irail.be/stations/NMBS/008811676,S8,2018-10-05T11:02:00,2018-10-05T11:02:00,41,
http://irail.be/vehicle/S85681,http://irail.be/stations/NMBS/008811601,S8,2018-10-05T11:09:00,2018-10-05T11:09:00,,122
http://irail.be/vehicle/S85681,http://irail.be/stations/NMBS/008811676,S8,2018-08-28T11:02:00,2018-08-28T11:02:00,75,
http://irail.be/vehicle/S85681,http://irail.be/stations/NMBS/008811601,S8,2018-08-28T11:09:00,2018-08-28T11:09:00,,139
http://irail.be/vehicle/S85681,http://irail.be/stations/NMBS/008811676,S8,2018-04-12T11:02:00,2018-04-12T11:02:00,19,
http://irail.be/vehicle/S85681,http://irail.be/stations/NMBS/008811601,S8,2018-04-12T11:09:00,2018-04-12T11:09:00,,173
http://irail.be/vehicle/S85681,http://irail.be/stations/NMBS/008811676,S8,2018-11-16T11:02:00,2018-11-16T11:02:00,43,
http://irail.be/vehicle/S85681,http://irail.be/stations/NMBS/008811601,S8,2018-11-16T11:09:00,2018-11-16T11:09:00,,61
http://irail.be/vehicle/S85681,http://irail.be/stations/NMBS/008811676,S8,2018-07-06T11:02:00,2018-07-06T11:02:00,35,
http://irail.be/vehicle/S85681,http://irail.be/stations/NMBS/008811601,S8,2018-07-06T11:09:00,2018-07-06T11:09:00,,94
http://irail.be/vehicle/S85681,http://irail.be/stations/NMBS/008811676,S8,2018-05-14T11:02:00,2018-05-14T11:02:00,15,
http://irail.be/vehicle/S85681,http://irail.be/stations/NMBS/008811601,S8,2018-05-14T11:09:00,2018-05-14T11:09:00,,79
http://irail.be/vehicle/S85681,http://irail.be/stations/NMBS/008811676,S8,2018-11-24T11:02:00,2018-11-24T11:02:00,-1,
http://irail.be/vehicle/S85681,http://irail.be/stations/NMBS/008811601,S8,2018-11-24T11:09:00,2018-11-24T11:09:00,,-13
http://irail.be/vehicle/S85681,http://irail.be/stations/NMBS/008811676,S8,2018-11-11T11:02:00,2018-11-11T11:02:00,14,
http://irail.be/vehicle/S85681,http://irail.be/stations/NMBS/008811601,S8,2018-11-11T11:09:00,2018-11-11T11:09:00,,134
http://irail.be/vehicle/S85681,http://irail.be/stations/NMBS/008811676,S8,2018-02-20T11:02:00,2018-02-20T11:02:00,35,
http://irail.be/vehicle/S85681,http://irail.be/stations/NMBS/008811601,S8,2018-02-20T11:09:00,2018-02-20T11:09:00,,179
http://irail.be/vehicle/S85681,http://irail.be/stations/NMBS/008811676,S8,2018-10-11T11:02:00,2018-10-11T11:02:00,0,
http://irail.be/vehicle/S85681,http://irail.be/stations/NMBS/008811601,S8,2018-10-11T11:09:00,2018-10-11T11:09:00,,137
http://irail.be/vehicle/S85681,http://irail.be/stations/NMBS/008811676,S8,2018-03-23T11:02:00,2018-03-23T11:02:00,32,
http://irail.be/vehicle/S85681,http://irail.be/stations/NMBS/008811601,S8,2018-03-23T11:09:00,2018-03-23T11:09:00,,101
http://irail.be/vehicle/S85681,http://irail.be/stations/NMBS/008811676,S8,2018-04-26T11:02:00,2018-04-26T11:02:00,26,
http://irail.be/vehicle/S85681,http://irail.be/stations/NMBS/008811601,S8,2018-04-26T11:09:00,2018-04-26T11:09:00,,77
http://irail.be/vehicle/S85681,http://irail.be/stations/NMBS/008811676,S8,2018-02-27T11:02:00,2018-02-27T11:02:00,50,
http://irail.be/vehicle/S85681,http://irail.be/stations/NMBS/008811601,S8,2018-02-27T11:09:00,2018-02-27T11:09:00,,252
http://irail.be/vehicle/S85681,http://irail.be/stations/NMBS/008811676,S8,2018-04-23T11:02:00,2018-04-23T11:02:00,35,
http://irail.be/vehicle/S85681,http://irail.be/stations/NMBS/008811601,S8,2018-04-23T11:09:00,2018-04-23T11:09:00,,79
http://irail.be/vehicle/S85681,http://irail.be/stations/NMBS/008811676,S8,2018-05-21T11:02:00,2018-05-21T11:02:00,8,
http://irail.be/vehicle/S85681,http://irail.be/stations/NMBS/008811601,S8,2018-05-21T11:09:00,2018-05-21T11:09:00,,21
http://irail.be/vehicle/S85681,http://irail.be/stations/NMBS/008811676,S8,2018-02-09T11:02:00,2018-02-09T11:02:00,143,
http://irail.be/vehicle/S85681,http://irail.be/stations/NMBS/008811601,S8,2018-02-09T11:09:00,2018-02-09T11:09:00,,148
http://irail.be/vehicle/S85681,http://irail.be/stations/NMBS/008811676,S8,2018-07-12T11:02:00,2018-07-12T11:02:00,19,
http://irail.be/vehicle/S85681,http://irail.be/stations/NMBS/008811601,S8,2018-07-12T11:09:00,2018-07-12T11:09:00,,73
http://irail.be/vehicle/S85681,http://irail.be/stations/NMBS/008811676,S8,2018-06-25T11:02:00,2018-06-25T11:02:00,14,
http://irail.be/vehicle/S85681,http://irail.be/stations/NMBS/008811601,S8,2018-06-25T11:09:00,2018-06-25T11:09:00,,217
http://irail.be/vehicle/S85681,http://irail.be/stations/NMBS/008811676,S8,2018-07-16T11:02:00,2018-07-16T11:02:00,9,
http://irail.be/vehicle/S85681,http://irail.be/stations/NMBS/008811601,S8,2018-07-16T11:09:00,2018-07-16T11:09:00,,54
http://irail.be/vehicle/S85681,http://irail.be/stations/NMBS/008811676,S8,2018-03-19T11:02:00,2018-03-19T11:02:00,28,
http://irail.be/vehicle/S85681,http://irail.be/stations/NMBS/008811601,S8,2018-03-19T11:09:00,2018-03-19T11:09:00,,50
http://irail.be/vehicle/S85681,http://irail.be/stations/NMBS/008811676,S8,2018-06-23T11:02:00,2018-06-23T11:02:00,24,
http://irail.be/vehicle/S85681,http://irail.be/stations/NMBS/008811601,S8,2018-06-23T11:09:00,2018-06-23T11:09:00,,71
http://irail.be/vehicle/S85681,http://irail.be/stations/NMBS/008811676,S8,2018-05-10T11:02:00,2018-05-10T11:02:00,83,
http://irail.be/vehicle/S85681,http://irail.be/stations/NMBS/008811601,S8,2018-05-10T11:09:00,2018-05-10T11:09:00,,121
http://irail.be/vehicle/S85681,http://irail.be/stations/NMBS/008811676,S8,2018-10-31T11:02:00,2018-10-31T11:02:00,67,
http://irail.be/vehicle/S85681,http://irail.be/stations/NMBS/008811601,S8,2018-10-31T11:09:00,2018-10-31T11:09:00,,66
http://irail.be/vehicle/S85681,http://irail.be/stations/NMBS/008811676,S8,2018-02-11T11:02:00,2018-02-11T11:02:00,18,
http://irail.be/vehicle/S85681,http://irail.be/stations/NMBS/008811601,S8,2018-02-11T11:09:00,2018-02-11T11:09:00,,47
http://irail.be/vehicle/S85681,http://irail.be/stations/NMBS/008811676,S8,2018-03-26T11:02:00,2018-03-26T11:02:00,19,
http://irail.be/vehicle/S85681,http://irail.be/stations/NMBS/008811601,S8,2018-03-26T11:09:00,2018-03-26T11:09:00,,99
http://irail.be/vehicle/S85681,http://irail.be/stations/NMBS/008811676,S8,2018-03-08T11:02:00,2018-03-08T11:02:00,23,
http://irail.be/vehicle/S85681,http://irail.be/stations/NMBS/008811601,S8,2018-03-08T11:09:00,2018-03-08T11:09:00,,80
http://irail.be/vehicle/S85681,http://irail.be/stations/NMBS/008811676,S8,2018-10-07T11:02:00,2018-10-07T11:02:00,8,
http://irail.be/vehicle/S85681,http://irail.be/stations/NMBS/008811601,S8,2018-10-07T11:09:00,2018-10-07T11:09:00,,34
http://irail.be/vehicle/S85681,http://irail.be/stations/NMBS/008811676,S8,2018-05-31T11:02:00,2018-05-31T11:02:00,34,
http://irail.be/vehicle/S85681,http://irail.be/stations/NMBS/008811601,S8,2018-05-31T11:09:00,2018-05-31T11:09:00,,60
http://irail.be/vehicle/S85681,http://irail.be/stations/NMBS/008811676,S8,2018-06-18T11:02:00,2018-06-18T11:02:00,8,
http://irail.be/vehicle/S85681,http://irail.be/stations/NMBS/008811601,S8,2018-06-18T11:09:00,2018-06-18T11:09:00,,33
http://irail.be/vehicle/S85681,http://irail.be/stations/NMBS/008811676,S8,2018-01-19T11:02:00,2018-01-19T11:02:00,28,
http://irail.be/vehicle/S85681,http://irail.be/stations/NMBS/008811601,S8,2018-01-19T11:09:00,2018-01-19T11:09:00,,51
http://irail.be/vehicle/S85681,http://irail.be/stations/NMBS/008811676,S8,2018-01-04T11:02:00,2018-01-04T11:02:00,11,
http://irail.be/vehicle/S85681,http://irail.be/stations/NMBS/008811601,S8,2018-01-04T11:09:00,2018-01-04T11:09:00,,165
http://irail.be/vehicle/S85681,http://irail.be/stations/NMBS/008811676,S8,2018-10-08T11:02:00,2018-10-08T11:02:00,44,
http://irail.be/vehicle/S85681,http://irail.be/stations/NMBS/008811601,S8,2018-10-08T11:09:00,2018-10-08T11:09:00,,81
http://irail.be/vehicle/S85681,http://irail.be/stations/NMBS/008811676,S8,2018-02-17T11:02:00,2018-02-17T11:02:00,35,
http://irail.be/vehicle/S85681,http://irail.be/stations/NMBS/008811601,S8,2018-02-17T11:09:00,2018-02-17T11:09:00,,21
http://irail.be/vehicle/S85681,http://irail.be/stations/NMBS/008811676,S8,2018-04-29T11:02:00,2018-04-29T11:02:00,20,
http://irail.be/vehicle/S85681,http://irail.be/stations/NMBS/008811601,S8,2018-04-29T11:09:00,2018-04-29T11:09:00,,26
http://irail.be/vehicle/S85681,http://irail.be/stations/NMBS/008811676,S8,2018-10-30T11:02:00,2018-10-30T11:02:00,58,
http://irail.be/vehicle/S85681,http://irail.be/stations/NMBS/008811601,S8,2018-10-30T11:09:00,2018-10-30T11:09:00,,81
http://irail.be/vehicle/S85681,http://irail.be/stations/NMBS/008811676,S8,2018-05-09T11:02:00,2018-05-09T11:02:00,17,
http://irail.be/vehicle/S85681,http://irail.be/stations/NMBS/008811601,S8,2018-05-09T11:09:00,2018-05-09T11:09:00,,46
http://irail.be/vehicle/S85681,http://irail.be/stations/NMBS/008811676,S8,2018-11-02T11:02:00,2018-11-02T11:02:00,25,
http://irail.be/vehicle/S85681,http://irail.be/stations/NMBS/008811601,S8,2018-11-02T11:09:00,2018-11-02T11:09:00,,38
http://irail.be/vehicle/S85681,http://irail.be/stations/NMBS/008811676,S8,2018-06-21T11:02:00,2018-06-21T11:02:00,9,
http://irail.be/vehicle/S85681,http://irail.be/stations/NMBS/008811601,S8,2018-06-21T11:09:00,2018-06-21T11:09:00,,84
http://irail.be/vehicle/S85681,http://irail.be/stations/NMBS/008811676,S8,2018-10-27T11:02:00,2018-10-27T11:02:00,20,
http://irail.be/vehicle/S85681,http://irail.be/stations/NMBS/008811601,S8,2018-10-27T11:09:00,2018-10-27T11:09:00,,35
http://irail.be/vehicle/S85681,http://irail.be/stations/NMBS/008811676,S8,2018-06-14T11:02:00,2018-06-14T11:02:00,5,
http://irail.be/vehicle/S85681,http://irail.be/stations/NMBS/008811601,S8,2018-06-14T11:09:00,2018-06-14T11:09:00,,68
http://irail.be/vehicle/S85681,http://irail.be/stations/NMBS/008811676,S8,2018-07-26T11:02:00,2018-07-26T11:02:00,33,
http://irail.be/vehicle/S85681,http://irail.be/stations/NMBS/008811601,S8,2018-07-26T11:09:00,2018-07-26T11:09:00,,35
http://irail.be/vehicle/S85681,http://irail.be/stations/NMBS/008811676,S8,2018-03-02T11:02:00,2018-03-02T11:02:00,21,
http://irail.be/vehicle/S85681,http://irail.be/stations/NMBS/008811601,S8,2018-03-02T11:09:00,2018-03-02T11:09:00,,49
http://irail.be/vehicle/S85681,http://irail.be/stations/NMBS/008811676,S8,2018-02-06T11:02:00,2018-02-06T11:02:00,33,
http://irail.be/vehicle/S85681,http://irail.be/stations/NMBS/008811601,S8,2018-02-06T11:09:00,2018-02-06T11:09:00,,65
http://irail.be/vehicle/S85681,http://irail.be/stations/NMBS/008811676,S8,2018-01-13T11:02:00,2018-01-13T11:02:00,9,
http://irail.be/vehicle/S85681,http://irail.be/stations/NMBS/008811601,S8,2018-01-13T11:09:00,2018-01-13T11:09:00,,7
http://irail.be/vehicle/S85681,http://irail.be/stations/NMBS/008811676,S8,2018-03-30T11:02:00,2018-03-30T11:02:00,41,
http://irail.be/vehicle/S85681,http://irail.be/stations/NMBS/008811601,S8,2018-03-30T11:09:00,2018-03-30T11:09:00,,55
http://irail.be/vehicle/S85681,http://irail.be/stations/NMBS/008811676,S8,2018-09-06T11:02:00,2018-09-06T11:02:00,13,
http://irail.be/vehicle/S85681,http://irail.be/stations/NMBS/008811601,S8,2018-09-06T11:09:00,2018-09-06T11:09:00,,289
http://irail.be/vehicle/S85681,http://irail.be/stations/NMBS/008811676,S8,2018-03-20T11:02:00,2018-03-20T11:02:00,24,
http://irail.be/vehicle/S85681,http://irail.be/stations/NMBS/008811601,S8,2018-03-20T11:09:00,2018-03-20T11:09:00,,298
http://irail.be/vehicle/S85681,http://irail.be/stations/NMBS/008811676,S8,2018-07-23T11:02:00,2018-07-23T11:02:00,27,
http://irail.be/vehicle/S85681,http://irail.be/stations/NMBS/008811601,S8,2018-07-23T11:09:00,2018-07-23T11:09:00,,77
http://irail.be/vehicle/S85681,http://irail.be/stations/NMBS/008811676,S8,2018-01-17T11:02:00,2018-01-17T11:02:00,38,
http://irail.be/vehicle/S85681,http://irail.be/stations/NMBS/008811601,S8,2018-01-17T11:09:00,2018-01-17T11:09:00,,49
http://irail.be/vehicle/S85681,http://irail.be/stations/NMBS/008811676,S8,2018-05-20T11:02:00,2018-05-20T11:02:00,17,
http://irail.be/vehicle/S85681,http://irail.be/stations/NMBS/008811601,S8,2018-05-20T11:09:00,2018-05-20T11:09:00,,55
http://irail.be/vehicle/S85681,http://irail.be/stations/NMBS/008811676,S8,2018-09-26T11:02:00,2018-09-26T11:02:00,26,
http://irail.be/vehicle/S85681,http://irail.be/stations/NMBS/008811601,S8,2018-09-26T11:09:00,2018-09-26T11:09:00,,70
http://irail.be/vehicle/S85681,http://irail.be/stations/NMBS/008811676,S8,2018-04-11T11:02:00,2018-04-11T11:02:00,7,
http://irail.be/vehicle/S85681,http://irail.be/stations/NMBS/008811601,S8,2018-04-11T11:09:00,2018-04-11T11:09:00,,53
http://irail.be/vehicle/S85681,http://irail.be/stations/NMBS/008811676,S8,2018-06-09T11:02:00,2018-06-09T11:02:00,31,
http://irail.be/vehicle/S85681,http://irail.be/stations/NMBS/008811601,S8,2018-06-09T11:09:00,2018-06-09T11:09:00,,84
http://irail.be/vehicle/S85681,http://irail.be/stations/NMBS/008811676,S8,2018-07-21T11:02:00,2018-07-21T11:02:00,14,
http://irail.be/vehicle/S85681,http://irail.be/stations/NMBS/008811601,S8,2018-07-21T11:09:00,2018-07-21T11:09:00,,56
http://irail.be/vehicle/S85681,http://irail.be/stations/NMBS/008811676,S8,2018-08-04T11:02:00,2018-08-04T11:02:00,31,
http://irail.be/vehicle/S85681,http://irail.be/stations/NMBS/008811601,S8,2018-08-04T11:09:00,2018-08-04T11:09:00,,38
http://irail.be/vehicle/S85681,http://irail.be/stations/NMBS/008811676,S8,2018-09-28T11:02:00,2018-09-28T11:02:00,7,
http://irail.be/vehicle/S85681,http://irail.be/stations/NMBS/008811601,S8,2018-09-28T11:09:00,2018-09-28T11:09:00,,227
http://irail.be/vehicle/S85681,http://irail.be/stations/NMBS/008811676,S8,2018-01-27T11:02:00,2018-01-27T11:02:00,17,
http://irail.be/vehicle/S85681,http://irail.be/stations/NMBS/008811601,S8,2018-01-27T11:09:00,2018-01-27T11:09:00,,99
http://irail.be/vehicle/S85681,http://irail.be/stations/NMBS/008811676,S8,2018-05-08T11:02:00,2018-05-08T11:02:00,21,
http://irail.be/vehicle/S85681,http://irail.be/stations/NMBS/008811601,S8,2018-05-08T11:09:00,2018-05-08T11:09:00,,93
http://irail.be/vehicle/S85681,http://irail.be/stations/NMBS/008811676,S8,2018-03-09T11:02:00,2018-03-09T11:02:00,19,
http://irail.be/vehicle/S85681,http://irail.be/stations/NMBS/008811601,S8,2018-03-09T11:09:00,2018-03-09T11:09:00,,11
http://irail.be/vehicle/S85681,http://irail.be/stations/NMBS/008811676,S8,2018-09-16T11:02:00,2018-09-16T11:02:00,15,
http://irail.be/vehicle/S85681,http://irail.be/stations/NMBS/008811601,S8,2018-09-16T11:09:00,2018-09-16T11:09:00,,89
http://irail.be/vehicle/S85681,http://irail.be/stations/NMBS/008811676,S8,2018-02-23T11:02:00,2018-02-23T11:02:00,45,
http://irail.be/vehicle/S85681,http://irail.be/stations/NMBS/008811601,S8,2018-02-23T11:09:00,2018-02-23T11:09:00,,98
http://irail.be/vehicle/S85681,http://irail.be/stations/NMBS/008811676,S8,2018-10-16T11:02:00,2018-10-16T11:02:00,6,
http://irail.be/vehicle/S85681,http://irail.be/stations/NMBS/008811601,S8,2018-10-16T11:09:00,2018-10-16T11:09:00,,2
http://irail.be/vehicle/S85681,http://irail.be/stations/NMBS/008811676,S8,2018-05-12T11:02:00,2018-05-12T11:02:00,22,
http://irail.be/vehicle/S85681,http://irail.be/stations/NMBS/008811601,S8,2018-05-12T11:09:00,2018-05-12T11:09:00,,12
http://irail.be/vehicle/S85681,http://irail.be/stations/NMBS/008811676,S8,2018-08-21T11:02:00,2018-08-21T11:02:00,3,
http://irail.be/vehicle/S85681,http://irail.be/stations/NMBS/008811601,S8,2018-08-21T11:09:00,2018-08-21T11:09:00,,53
http://irail.be/vehicle/S85681,http://irail.be/stations/NMBS/008811676,S8,2018-01-10T11:02:00,2018-01-10T11:02:00,208,
http://irail.be/vehicle/S85681,http://irail.be/stations/NMBS/008811601,S8,2018-01-10T11:09:00,2018-01-10T11:09:00,,235
http://irail.be/vehicle/S85681,http://irail.be/stations/NMBS/008811676,S8,2018-01-15T11:02:00,2018-01-15T11:02:00,15,
http://irail.be/vehicle/S85681,http://irail.be/stations/NMBS/008811601,S8,2018-01-15T11:09:00,2018-01-15T11:09:00,,323
http://irail.be/vehicle/S85681,http://irail.be/stations/NMBS/008811676,S8,2018-04-14T11:02:00,2018-04-14T11:02:00,17,
http://irail.be/vehicle/S85681,http://irail.be/stations/NMBS/008811601,S8,2018-04-14T11:09:00,2018-04-14T11:09:00,,28
http://irail.be/vehicle/S85681,http://irail.be/stations/NMBS/008811676,S8,2018-06-08T11:02:00,2018-06-08T11:02:00,19,
http://irail.be/vehicle/S85681,http://irail.be/stations/NMBS/008811601,S8,2018-06-08T11:09:00,2018-06-08T11:09:00,,147
http://irail.be/vehicle/S85681,http://irail.be/stations/NMBS/008811676,S8,2018-04-28T11:02:00,2018-04-28T11:02:00,16,
http://irail.be/vehicle/S85681,http://irail.be/stations/NMBS/008811601,S8,2018-04-28T11:09:00,2018-04-28T11:09:00,,44
http://irail.be/vehicle/S85681,http://irail.be/stations/NMBS/008811676,S8,2018-07-07T11:02:00,2018-07-07T11:02:00,23,
http://irail.be/vehicle/S85681,http://irail.be/stations/NMBS/008811601,S8,2018-07-07T11:09:00,2018-07-07T11:09:00,,19
http://irail.be/vehicle/S85681,http://irail.be/stations/NMBS/008811676,S8,2018-05-15T11:02:00,2018-05-15T11:02:00,24,
http://irail.be/vehicle/S85681,http://irail.be/stations/NMBS/008811601,S8,2018-05-15T11:09:00,2018-05-15T11:09:00,,65
http://irail.be/vehicle/S85681,http://irail.be/stations/NMBS/008811676,S8,2018-02-28T11:02:00,2018-02-28T11:02:00,46,
http://irail.be/vehicle/S85681,http://irail.be/stations/NMBS/008811601,S8,2018-02-28T11:09:00,2018-02-28T11:09:00,,84
http://irail.be/vehicle/S85681,http://irail.be/stations/NMBS/008811676,S8,2018-08-17T11:02:00,2018-08-17T11:02:00,11,
http://irail.be/vehicle/S85681,http://irail.be/stations/NMBS/008811601,S8,2018-08-17T11:09:00,2018-08-17T11:09:00,,80
http://irail.be/vehicle/S85681,http://irail.be/stations/NMBS/008811676,S8,2018-03-16T11:02:00,2018-03-16T11:02:00,16,
http://irail.be/vehicle/S85681,http://irail.be/stations/NMBS/008811601,S8,2018-03-16T11:09:00,2018-03-16T11:09:00,,119
http://irail.be/vehicle/S85681,http://irail.be/stations/NMBS/008811676,S8,2018-08-06T11:02:00,2018-08-06T11:02:00,8,
http://irail.be/vehicle/S85681,http://irail.be/stations/NMBS/008811601,S8,2018-08-06T11:09:00,2018-08-06T11:09:00,,67
http://irail.be/vehicle/S85681,http://irail.be/stations/NMBS/008811676,S8,2018-06-16T11:02:00,2018-06-16T11:02:00,1,
http://irail.be/vehicle/S85681,http://irail.be/stations/NMBS/008811601,S8,2018-06-16T11:09:00,2018-06-16T11:09:00,,9
http://irail.be/vehicle/S85681,http://irail.be/stations/NMBS/008811676,S8,2018-06-24T11:02:00,2018-06-24T11:02:00,-3,
http://irail.be/vehicle/S85681,http://irail.be/stations/NMBS/008811601,S8,2018-06-24T11:09:00,2018-06-24T11:09:00,,17
http://irail.be/vehicle/S85681,http://irail.be/stations/NMBS/008811676,S8,2018-04-22T11:02:00,2018-04-22T11:02:00,26,
http://irail.be/vehicle/S85681,http://irail.be/stations/NMBS/008811601,S8,2018-04-22T11:09:00,2018-04-22T11:09:00,,20
http://irail.be/vehicle/S85681,http://irail.be/stations/NMBS/008811676,S8,2018-02-10T11:02:00,2018-02-10T11:02:00,52,
http://irail.be/vehicle/S85681,http://irail.be/stations/NMBS/008811601,S8,2018-02-10T11:09:00,2018-02-10T11:09:00,,61
http://irail.be/vehicle/S85681,http://irail.be/stations/NMBS/008811676,S8,2018-10-09T11:02:00,2018-10-09T11:02:00,58,
http://irail.be/vehicle/S85681,http://irail.be/stations/NMBS/008811601,S8,2018-10-09T11:09:00,2018-10-09T11:09:00,,90
http://irail.be/vehicle/S85681,http://irail.be/stations/NMBS/008811676,S8,2018-03-13T11:02:00,2018-03-13T11:02:00,25,
http://irail.be/vehicle/S85681,http://irail.be/stations/NMBS/008811601,S8,2018-03-13T11:09:00,2018-03-13T11:09:00,,55
http://irail.be/vehicle/S85681,http://irail.be/stations/NMBS/008811676,S8,2018-12-03T11:02:00,2018-12-03T11:02:00,11,
http://irail.be/vehicle/S85681,http://irail.be/stations/NMBS/008811601,S8,2018-12-03T11:09:00,2018-12-03T11:09:00,,232
http://irail.be/vehicle/S85681,http://irail.be/stations/NMBS/008811676,S8,2018-06-02T11:02:00,2018-06-02T11:02:00,11,
http://irail.be/vehicle/S85681,http://irail.be/stations/NMBS/008811601,S8,2018-06-02T11:09:00,2018-06-02T11:09:00,,30
http://irail.be/vehicle/S85681,http://irail.be/stations/NMBS/008811676,S8,2018-07-13T11:02:00,2018-07-13T11:02:00,12,
http://irail.be/vehicle/S85681,http://irail.be/stations/NMBS/008811601,S8,2018-07-13T11:09:00,2018-07-13T11:09:00,,92
http://irail.be/vehicle/S85681,http://irail.be/stations/NMBS/008811676,S8,2018-01-05T11:02:00,2018-01-05T11:02:00,18,
http://irail.be/vehicle/S85681,http://irail.be/stations/NMBS/008811601,S8,2018-01-05T11:09:00,2018-01-05T11:09:00,,57
http://irail.be/vehicle/S85681,http://irail.be/stations/NMBS/008811676,S8,2018-10-23T11:02:00,2018-10-23T11:02:00,21,
http://irail.be/vehicle/S85681,http://irail.be/stations/NMBS/008811601,S8,2018-10-23T11:09:00,2018-10-23T11:09:00,,52
http://irail.be/vehicle/S85681,http://irail.be/stations/NMBS/008811676,S8,2018-06-20T11:02:00,2018-06-20T11:02:00,63,
http://irail.be/vehicle/S85681,http://irail.be/stations/NMBS/008811601,S8,2018-06-20T11:09:00,2018-06-20T11:09:00,,98
http://irail.be/vehicle/S85681,http://irail.be/stations/NMBS/008811676,S8,2018-04-05T11:02:00,2018-04-05T11:02:00,33,
http://irail.be/vehicle/S85681,http://irail.be/stations/NMBS/008811601,S8,2018-04-05T11:09:00,2018-04-05T11:09:00,,75
http://irail.be/vehicle/S85681,http://irail.be/stations/NMBS/008811676,S8,2018-04-03T11:02:00,2018-04-03T11:02:00,39,
http://irail.be/vehicle/S85681,http://irail.be/stations/NMBS/008811601,S8,2018-04-03T11:09:00,2018-04-03T11:09:00,,130
http://irail.be/vehicle/S85681,http://irail.be/stations/NMBS/008811676,S8,2018-11-05T11:02:00,2018-11-05T11:02:00,25,
http://irail.be/vehicle/S85681,http://irail.be/stations/NMBS/008811601,S8,2018-11-05T11:09:00,2018-11-05T11:09:00,,62
http://irail.be/vehicle/S85681,http://irail.be/stations/NMBS/008811676,S8,2018-03-14T11:02:00,2018-03-14T11:02:00,16,
http://irail.be/vehicle/S85681,http://irail.be/stations/NMBS/008811601,S8,2018-03-14T11:09:00,2018-03-14T11:09:00,,77
http://irail.be/vehicle/S85681,http://irail.be/stations/NMBS/008811676,S8,2018-02-04T11:02:00,2018-02-04T11:02:00,23,
http://irail.be/vehicle/S85681,http://irail.be/stations/NMBS/008811601,S8,2018-02-04T11:09:00,2018-02-04T11:09:00,,42
http://irail.be/vehicle/S85681,http://irail.be/stations/NMBS/008811676,S8,2018-02-03T11:02:00,2018-02-03T11:02:00,15,
http://irail.be/vehicle/S85681,http://irail.be/stations/NMBS/008811601,S8,2018-02-03T11:09:00,2018-02-03T11:09:00,,50
http://irail.be/vehicle/S85681,http://irail.be/stations/NMBS/008811676,S8,2018-11-23T11:02:00,2018-11-23T11:02:00,18,
http://irail.be/vehicle/S85681,http://irail.be/stations/NMBS/008811601,S8,2018-11-23T11:09:00,2018-11-23T11:09:00,,66
http://irail.be/vehicle/S85681,http://irail.be/stations/NMBS/008811676,S8,2018-07-04T11:02:00,2018-07-04T11:02:00,7,
http://irail.be/vehicle/S85681,http://irail.be/stations/NMBS/008811601,S8,2018-07-04T11:09:00,2018-07-04T11:09:00,,24
http://irail.be/vehicle/S85681,http://irail.be/stations/NMBS/008811676,S8,2018-01-22T11:02:00,2018-01-22T11:02:00,31,
http://irail.be/vehicle/S85681,http://irail.be/stations/NMBS/008811601,S8,2018-01-22T11:09:00,2018-01-22T11:09:00,,82
http://irail.be/vehicle/S85681,http://irail.be/stations/NMBS/008811676,S8,2018-09-29T11:02:00,2018-09-29T11:02:00,-20,
http://irail.be/vehicle/S85681,http://irail.be/stations/NMBS/008811601,S8,2018-09-29T11:09:00,2018-09-29T11:09:00,,33
http://irail.be/vehicle/S85681,http://irail.be/stations/NMBS/008811676,S8,2018-03-12T11:02:00,2018-03-12T11:02:00,26,
http://irail.be/vehicle/S85681,http://irail.be/stations/NMBS/008811601,S8,2018-03-12T11:09:00,2018-03-12T11:09:00,,69
http://irail.be/vehicle/S85681,http://irail.be/stations/NMBS/008811676,S8,2018-08-05T11:02:00,2018-08-05T11:02:00,43,
http://irail.be/vehicle/S85681,http://irail.be/stations/NMBS/008811601,S8,2018-08-05T11:09:00,2018-08-05T11:09:00,,71
http://irail.be/vehicle/S85681,http://irail.be/stations/NMBS/008811676,S8,2018-10-26T11:02:00,2018-10-26T11:02:00,3,
http://irail.be/vehicle/S85681,http://irail.be/stations/NMBS/008811601,S8,2018-10-26T11:09:00,2018-10-26T11:09:00,,192
http://irail.be/vehicle/S85681,http://irail.be/stations/NMBS/008811676,S8,2018-04-08T11:02:00,2018-04-08T11:02:00,15,
http://irail.be/vehicle/S85681,http://irail.be/stations/NMBS/008811601,S8,2018-04-08T11:09:00,2018-04-08T11:09:00,,48
http://irail.be/vehicle/S85681,http://irail.be/stations/NMBS/008811676,S8,2018-05-04T11:02:00,2018-05-04T11:02:00,45,
http://irail.be/vehicle/S85681,http://irail.be/stations/NMBS/008811601,S8,2018-05-04T11:09:00,2018-05-04T11:09:00,,98
http://irail.be/vehicle/S85681,http://irail.be/stations/NMBS/008811676,S8,2018-09-09T11:02:00,2018-09-09T11:02:00,22,
http://irail.be/vehicle/S85681,http://irail.be/stations/NMBS/008811601,S8,2018-09-09T11:09:00,2018-09-09T11:09:00,,17
http://irail.be/vehicle/S85681,http://irail.be/stations/NMBS/008811676,S8,2018-01-26T11:02:00,2018-01-26T11:02:00,45,
http://irail.be/vehicle/S85681,http://irail.be/stations/NMBS/008811601,S8,2018-01-26T11:09:00,2018-01-26T11:09:00,,113
http://irail.be/vehicle/S85681,http://irail.be/stations/NMBS/008811676,S8,2018-05-29T11:02:00,2018-05-29T11:02:00,15,
http://irail.be/vehicle/S85681,http://irail.be/stations/NMBS/008811601,S8,2018-05-29T11:09:00,2018-05-29T11:09:00,,57
http://irail.be/vehicle/S85681,http://irail.be/stations/NMBS/008811676,S8,2018-01-23T11:02:00,2018-01-23T11:02:00,87,
http://irail.be/vehicle/S85681,http://irail.be/stations/NMBS/008811601,S8,2018-01-23T11:09:00,2018-01-23T11:09:00,,337
http://irail.be/vehicle/S85681,http://irail.be/stations/NMBS/008811676,S8,2018-02-07T11:02:00,2018-02-07T11:02:00,27,
http://irail.be/vehicle/S85681,http://irail.be/stations/NMBS/008811601,S8,2018-02-07T11:09:00,2018-02-07T11:09:00,,56
http://irail.be/vehicle/S85681,http://irail.be/stations/NMBS/008811676,S8,2018-11-06T11:02:00,2018-11-06T11:02:00,9,
http://irail.be/vehicle/S85681,http://irail.be/stations/NMBS/008811601,S8,2018-11-06T11:09:00,2018-11-06T11:09:00,,37
http://irail.be/vehicle/S85681,http://irail.be/stations/NMBS/008811676,S8,2018-11-26T11:02:00,2018-11-26T11:02:00,8,
http://irail.be/vehicle/S85681,http://irail.be/stations/NMBS/008811601,S8,2018-11-26T11:09:00,2018-11-26T11:09:00,,-13
http://irail.be/vehicle/S85681,http://irail.be/stations/NMBS/008811676,S8,2018-05-17T11:02:00,2018-05-17T11:02:00,37,
http://irail.be/vehicle/S85681,http://irail.be/stations/NMBS/008811601,S8,2018-05-17T11:09:00,2018-05-17T11:09:00,,83
http://irail.be/vehicle/S85681,http://irail.be/stations/NMBS/008811676,S8,2018-12-07T11:02:00,2018-12-07T11:02:00,15,
http://irail.be/vehicle/S85681,http://irail.be/stations/NMBS/008811601,S8,2018-12-07T11:09:00,2018-12-07T11:09:00,,104
http://irail.be/vehicle/S85681,http://irail.be/stations/NMBS/008811676,S8,2018-10-15T11:02:00,2018-10-15T11:02:00,10,
http://irail.be/vehicle/S85681,http://irail.be/stations/NMBS/008811601,S8,2018-10-15T11:09:00,2018-10-15T11:09:00,,119
http://irail.be/vehicle/S85681,http://irail.be/stations/NMBS/008811676,S8,2018-05-06T11:02:00,2018-05-06T11:02:00,12,
http://irail.be/vehicle/S85681,http://irail.be/stations/NMBS/008811601,S8,2018-05-06T11:09:00,2018-05-06T11:09:00,,71
http://irail.be/vehicle/S85681,http://irail.be/stations/NMBS/008811676,S8,2018-04-24T11:02:00,2018-04-24T11:02:00,22,
http://irail.be/vehicle/S85681,http://irail.be/stations/NMBS/008811601,S8,2018-04-24T11:09:00,2018-04-24T11:09:00,,218
http://irail.be/vehicle/S85681,http://irail.be/stations/NMBS/008811676,S8,2018-05-22T11:02:00,2018-05-22T11:02:00,46,
http://irail.be/vehicle/S85681,http://irail.be/stations/NMBS/008811601,S8,2018-05-22T11:09:00,2018-05-22T11:09:00,,165
http://irail.be/vehicle/S85681,http://irail.be/stations/NMBS/008811676,S8,2018-08-01T11:02:00,2018-08-01T11:02:00,13,
http://irail.be/vehicle/S85681,http://irail.be/stations/NMBS/008811601,S8,2018-08-01T11:09:00,2018-08-01T11:09:00,,36
http://irail.be/vehicle/S85681,http://irail.be/stations/NMBS/008811676,S8,2018-06-07T11:02:00,2018-06-07T11:02:00,15,
http://irail.be/vehicle/S85681,http://irail.be/stations/NMBS/008811601,S8,2018-06-07T11:09:00,2018-06-07T11:09:00,,1
http://irail.be/vehicle/S85681,http://irail.be/stations/NMBS/008811676,S8,2018-11-30T11:02:00,2018-11-30T11:02:00,20,
http://irail.be/vehicle/S85681,http://irail.be/stations/NMBS/008811601,S8,2018-11-30T11:09:00,2018-11-30T11:09:00,,147
http://irail.be/vehicle/S85681,http://irail.be/stations/NMBS/008811676,S8,2018-07-18T11:02:00,2018-07-18T11:02:00,83,
http://irail.be/vehicle/S85681,http://irail.be/stations/NMBS/008811601,S8,2018-07-18T11:09:00,2018-07-18T11:09:00,,72
http://irail.be/vehicle/S85681,http://irail.be/stations/NMBS/008811676,S8,2018-02-05T11:02:00,2018-02-05T11:02:00,24,
http://irail.be/vehicle/S85681,http://irail.be/stations/NMBS/008811601,S8,2018-02-05T11:09:00,2018-02-05T11:09:00,,25
http://irail.be/vehicle/S85681,http://irail.be/stations/NMBS/008811676,S8,2018-05-11T11:02:00,2018-05-11T11:02:00,22,
http://irail.be/vehicle/S85681,http://irail.be/stations/NMBS/008811601,S8,2018-05-11T11:09:00,2018-05-11T11:09:00,,51
http://irail.be/vehicle/S85681,http://irail.be/stations/NMBS/008811676,S8,2018-07-27T11:02:00,2018-07-27T11:02:00,12,
http://irail.be/vehicle/S85681,http://irail.be/stations/NMBS/008811601,S8,2018-07-27T11:09:00,2018-07-27T11:09:00,,158
http://irail.be/vehicle/S85681,http://irail.be/stations/NMBS/008811676,S8,2018-04-27T11:02:00,2018-04-27T11:02:00,19,
http://irail.be/vehicle/S85681,http://irail.be/stations/NMBS/008811601,S8,2018-04-27T11:09:00,2018-04-27T11:09:00,,60
http://irail.be/vehicle/S85681,http://irail.be/stations/NMBS/008811676,S8,2018-08-26T11:02:00,2018-08-26T11:02:00,-9,
http://irail.be/vehicle/S85681,http://irail.be/stations/NMBS/008811601,S8,2018-08-26T11:09:00,2018-08-26T11:09:00,,20
http://irail.be/vehicle/S85681,http://irail.be/stations/NMBS/008811676,S8,2018-09-17T11:02:00,2018-09-17T11:02:00,23,
http://irail.be/vehicle/S85681,http://irail.be/stations/NMBS/008811601,S8,2018-09-17T11:09:00,2018-09-17T11:09:00,,300
http://irail.be/vehicle/S85681,http://irail.be/stations/NMBS/008811676,S8,2018-11-08T11:02:00,2018-11-08T11:02:00,52,
http://irail.be/vehicle/S85681,http://irail.be/stations/NMBS/008811601,S8,2018-11-08T11:09:00,2018-11-08T11:09:00,,65
http://irail.be/vehicle/S85681,http://irail.be/stations/NMBS/008811676,S8,2018-12-05T11:02:00,2018-12-05T11:02:00,12,
http://irail.be/vehicle/S85681,http://irail.be/stations/NMBS/008811601,S8,2018-12-05T11:09:00,2018-12-05T11:09:00,,123
http://irail.be/vehicle/S85681,http://irail.be/stations/NMBS/008811676,S8,2018-08-11T11:02:00,2018-08-11T11:02:00,-3,
http://irail.be/vehicle/S85681,http://irail.be/stations/NMBS/008811601,S8,2018-08-11T11:09:00,2018-08-11T11:09:00,,53
http://irail.be/vehicle/S85681,http://irail.be/stations/NMBS/008811676,S8,2018-03-29T11:02:00,2018-03-29T11:02:00,23,
http://irail.be/vehicle/S85681,http://irail.be/stations/NMBS/008811601,S8,2018-03-29T11:09:00,2018-03-29T11:09:00,,95
http://irail.be/vehicle/S85681,http://irail.be/stations/NMBS/008811676,S8,2018-09-20T11:02:00,2018-09-20T11:02:00,16,
http://irail.be/vehicle/S85681,http://irail.be/stations/NMBS/008811601,S8,2018-09-20T11:09:00,2018-09-20T11:09:00,,51
http://irail.be/vehicle/S85681,http://irail.be/stations/NMBS/008811676,S8,2018-08-15T11:02:00,2018-08-15T11:02:00,149,
http://irail.be/vehicle/S85681,http://irail.be/stations/NMBS/008811601,S8,2018-08-15T11:09:00,2018-08-15T11:09:00,,152
http://irail.be/vehicle/S85681,http://irail.be/stations/NMBS/008811676,S8,2018-08-24T11:02:00,2018-08-24T11:02:00,2,
http://irail.be/vehicle/S85681,http://irail.be/stations/NMBS/008811601,S8,2018-08-24T11:09:00,2018-08-24T11:09:00,,47
http://irail.be/vehicle/S85681,http://irail.be/stations/NMBS/008811676,S8,2018-08-22T11:02:00,2018-08-22T11:02:00,73,
http://irail.be/vehicle/S85681,http://irail.be/stations/NMBS/008811601,S8,2018-08-22T11:09:00,2018-08-22T11:09:00,,112
http://irail.be/vehicle/S85681,http://irail.be/stations/NMBS/008811676,S8,2018-11-15T11:02:00,2018-11-15T11:02:00,22,
http://irail.be/vehicle/S85681,http://irail.be/stations/NMBS/008811601,S8,2018-11-15T11:09:00,2018-11-15T11:09:00,,62
http://irail.be/vehicle/S85681,http://irail.be/stations/NMBS/008811676,S8,2018-05-27T11:02:00,2018-05-27T11:02:00,15,
http://irail.be/vehicle/S85681,http://irail.be/stations/NMBS/008811601,S8,2018-05-27T11:09:00,2018-05-27T11:09:00,,46
http://irail.be/vehicle/S85681,http://irail.be/stations/NMBS/008811676,S8,2018-11-20T11:02:00,2018-11-20T11:02:00,12,
http://irail.be/vehicle/S85681,http://irail.be/stations/NMBS/008811601,S8,2018-11-20T11:09:00,2018-11-20T11:09:00,,150
http://irail.be/vehicle/S85681,http://irail.be/stations/NMBS/008811676,S8,2018-07-25T11:02:00,2018-07-25T11:02:00,2,
http://irail.be/vehicle/S85681,http://irail.be/stations/NMBS/008811601,S8,2018-07-25T11:09:00,2018-07-25T11:09:00,,24
http://irail.be/vehicle/S85681,http://irail.be/stations/NMBS/008811676,S8,2018-08-10T11:02:00,2018-08-10T11:02:00,14,
http://irail.be/vehicle/S85681,http://irail.be/stations/NMBS/008811601,S8,2018-08-10T11:09:00,2018-08-10T11:09:00,,48
http://irail.be/vehicle/S85681,http://irail.be/stations/NMBS/008811676,S8,2018-11-27T11:02:00,2018-11-27T11:02:00,68,
http://irail.be/vehicle/S85681,http://irail.be/stations/NMBS/008811601,S8,2018-11-27T11:09:00,2018-11-27T11:09:00,,82
http://irail.be/vehicle/S85681,http://irail.be/stations/NMBS/008811676,S8,2018-06-04T11:02:00,2018-06-04T11:02:00,12,
http://irail.be/vehicle/S85681,http://irail.be/stations/NMBS/008811601,S8,2018-06-04T11:09:00,2018-06-04T11:09:00,,230
http://irail.be/vehicle/S85681,http://irail.be/stations/NMBS/008811676,S8,2018-10-21T11:02:00,2018-10-21T11:02:00,30,
http://irail.be/vehicle/S85681,http://irail.be/stations/NMBS/008811601,S8,2018-10-21T11:09:00,2018-10-21T11:09:00,,94
http://irail.be/vehicle/S85681,http://irail.be/stations/NMBS/008811676,S8,2018-10-29T11:02:00,2018-10-29T11:02:00,32,
http://irail.be/vehicle/S85681,http://irail.be/stations/NMBS/008811601,S8,2018-10-29T11:09:00,2018-10-29T11:09:00,,161
http://irail.be/vehicle/S85681,http://irail.be/stations/NMBS/008811676,S8,2018-03-24T11:02:00,2018-03-24T11:02:00,15,
http://irail.be/vehicle/S85681,http://irail.be/stations/NMBS/008811601,S8,2018-03-24T11:09:00,2018-03-24T11:09:00,,36
http://irail.be/vehicle/S85681,http://irail.be/stations/NMBS/008811676,S8,2018-09-10T11:02:00,2018-09-10T11:02:00,8,
http://irail.be/vehicle/S85681,http://irail.be/stations/NMBS/008811601,S8,2018-09-10T11:09:00,2018-09-10T11:09:00,,70
http://irail.be/vehicle/S85681,http://irail.be/stations/NMBS/008811676,S8,2018-05-26T11:02:00,2018-05-26T11:02:00,38,
http://irail.be/vehicle/S85681,http://irail.be/stations/NMBS/008811601,S8,2018-05-26T11:09:00,2018-05-26T11:09:00,,55
http://irail.be/vehicle/S85681,http://irail.be/stations/NMBS/008811676,S8,2018-07-08T11:02:00,2018-07-08T11:02:00,147,
http://irail.be/vehicle/S85681,http://irail.be/stations/NMBS/008811601,S8,2018-07-08T11:09:00,2018-07-08T11:09:00,,160
http://irail.be/vehicle/S85681,http://irail.be/stations/NMBS/008811676,S8,2018-11-29T11:02:00,2018-11-29T11:02:00,120,
http://irail.be/vehicle/S85681,http://irail.be/stations/NMBS/008811601,S8,2018-11-29T11:09:00,2018-11-29T11:09:00,,427
http://irail.be/vehicle/S85681,http://irail.be/stations/NMBS/008811676,S8,2018-03-01T11:02:00,2018-03-01T11:02:00,13,
http://irail.be/vehicle/S85681,http://irail.be/stations/NMBS/008811601,S8,2018-03-01T11:09:00,2018-03-01T11:09:00,,49
http://irail.be/vehicle/S85681,http://irail.be/stations/NMBS/008811676,S8,2018-08-18T11:02:00,2018-08-18T11:02:00,5,
http://irail.be/vehicle/S85681,http://irail.be/stations/NMBS/008811601,S8,2018-08-18T11:09:00,2018-08-18T11:09:00,,11
http://irail.be/vehicle/S85681,http://irail.be/stations/NMBS/008811676,S8,2018-01-09T11:02:00,2018-01-09T11:02:00,20,
http://irail.be/vehicle/S85681,http://irail.be/stations/NMBS/008811601,S8,2018-01-09T11:09:00,2018-01-09T11:09:00,,400
http://irail.be/vehicle/S85681,http://irail.be/stations/NMBS/008811676,S8,2018-12-01T11:02:00,2018-12-01T11:02:00,8,
http://irail.be/vehicle/S85681,http://irail.be/stations/NMBS/008811601,S8,2018-12-01T11:09:00,2018-12-01T11:09:00,,46
http://irail.be/vehicle/S85681,http://irail.be/stations/NMBS/008811676,S8,2018-02-19T11:02:00,2018-02-19T11:02:00,17,
http://irail.be/vehicle/S85681,http://irail.be/stations/NMBS/008811601,S8,2018-02-19T11:09:00,2018-02-19T11:09:00,,100
http://irail.be/vehicle/S85681,http://irail.be/stations/NMBS/008811676,S8,2018-03-10T11:02:00,2018-03-10T11:02:00,19,
http://irail.be/vehicle/S85681,http://irail.be/stations/NMBS/008811601,S8,2018-03-10T11:09:00,2018-03-10T11:09:00,,23
http://irail.be/vehicle/S85681,http://irail.be/stations/NMBS/008811676,S8,2018-11-22T11:02:00,2018-11-22T11:02:00,58,
http://irail.be/vehicle/S85681,http://irail.be/stations/NMBS/008811601,S8,2018-11-22T11:09:00,2018-11-22T11:09:00,,76
http://irail.be/vehicle/S85681,http://irail.be/stations/NMBS/008811676,S8,2018-11-21T11:02:00,2018-11-21T11:02:00,11,
http://irail.be/vehicle/S85681,http://irail.be/stations/NMBS/008811601,S8,2018-11-21T11:09:00,2018-11-21T11:09:00,,5
http://irail.be/vehicle/S85681,http://irail.be/stations/NMBS/008811676,S8,2018-10-03T11:02:00,2018-10-03T11:02:00,23,
http://irail.be/vehicle/S85681,http://irail.be/stations/NMBS/008811601,S8,2018-10-03T11:09:00,2018-10-03T11:09:00,,113
http://irail.be/vehicle/S85681,http://irail.be/stations/NMBS/008811676,S8,2018-07-29T11:02:00,2018-07-29T11:02:00,2,
http://irail.be/vehicle/S85681,http://irail.be/stations/NMBS/008811601,S8,2018-07-29T11:09:00,2018-07-29T11:09:00,,9
http://irail.be/vehicle/S85681,http://irail.be/stations/NMBS/008811676,S8,2018-03-18T11:02:00,2018-03-18T11:02:00,23,
http://irail.be/vehicle/S85681,http://irail.be/stations/NMBS/008811601,S8,2018-03-18T11:09:00,2018-03-18T11:09:00,,87
http://irail.be/vehicle/S85681,http://irail.be/stations/NMBS/008811676,S8,2018-02-26T11:02:00,2018-02-26T11:02:00,16,
http://irail.be/vehicle/S85681,http://irail.be/stations/NMBS/008811601,S8,2018-02-26T11:09:00,2018-02-26T11:09:00,,70
http://irail.be/vehicle/S85681,http://irail.be/stations/NMBS/008811676,S8,2018-09-12T11:02:00,2018-09-12T11:02:00,34,
http://irail.be/vehicle/S85681,http://irail.be/stations/NMBS/008811601,S8,2018-09-12T11:09:00,2018-09-12T11:09:00,,62
http://irail.be/vehicle/S85681,http://irail.be/stations/NMBS/008811676,S8,2018-04-09T11:02:00,2018-04-09T11:02:00,5,
http://irail.be/vehicle/S85681,http://irail.be/stations/NMBS/008811601,S8,2018-04-09T11:09:00,2018-04-09T11:09:00,,49
http://irail.be/vehicle/S85681,http://irail.be/stations/NMBS/008811676,S8,2018-03-15T11:02:00,2018-03-15T11:02:00,28,
http://irail.be/vehicle/S85681,http://irail.be/stations/NMBS/008811601,S8,2018-03-15T11:09:00,2018-03-15T11:09:00,,81
http://irail.be/vehicle/S85681,http://irail.be/stations/NMBS/008811676,S8,2018-07-22T11:02:00,2018-07-22T11:02:00,101,
http://irail.be/vehicle/S85681,http://irail.be/stations/NMBS/008811601,S8,2018-07-22T11:09:00,2018-07-22T11:09:00,,137
http://irail.be/vehicle/S85681,http://irail.be/stations/NMBS/008811676,S8,2018-01-21T11:02:00,2018-01-21T11:02:00,9,
http://irail.be/vehicle/S85681,http://irail.be/stations/NMBS/008811601,S8,2018-01-21T11:09:00,2018-01-21T11:09:00,,30
http://irail.be/vehicle/S85681,http://irail.be/stations/NMBS/008811676,S8,2018-06-19T11:02:00,2018-06-19T11:02:00,9,
http://irail.be/vehicle/S85681,http://irail.be/stations/NMBS/008811601,S8,2018-06-19T11:09:00,2018-06-19T11:09:00,,364
http://irail.be/vehicle/S85681,http://irail.be/stations/NMBS/008811676,S8,2018-02-24T11:02:00,2018-02-24T11:02:00,72,
http://irail.be/vehicle/S85681,http://irail.be/stations/NMBS/008811601,S8,2018-02-24T11:09:00,2018-02-24T11:09:00,,109
http://irail.be/vehicle/S85681,http://irail.be/stations/NMBS/008811676,S8,2018-10-18T11:02:00,2018-10-18T11:02:00,10,
http://irail.be/vehicle/S85681,http://irail.be/stations/NMBS/008811601,S8,2018-10-18T11:09:00,2018-10-18T11:09:00,,27
http://irail.be/vehicle/S85681,http://irail.be/stations/NMBS/008811676,S8,2018-06-15T11:02:00,2018-06-15T11:02:00,166,
http://irail.be/vehicle/S85681,http://irail.be/stations/NMBS/008811601,S8,2018-06-15T11:09:00,2018-06-15T11:09:00,,335
http://irail.be/vehicle/S85681,http://irail.be/stations/NMBS/008811676,S8,2018-03-31T11:02:00,2018-03-31T11:02:00,13,
http://irail.be/vehicle/S85681,http://irail.be/stations/NMBS/008811601,S8,2018-03-31T11:09:00,2018-03-31T11:09:00,,18
http://irail.be/vehicle/S85681,http://irail.be/stations/NMBS/008811676,S8,2018-02-01T11:02:00,2018-02-01T11:02:00,23,
http://irail.be/vehicle/S85681,http://irail.be/stations/NMBS/008811601,S8,2018-02-01T11:09:00,2018-02-01T11:09:00,,43
http://irail.be/vehicle/S85681,http://irail.be/stations/NMBS/008811676,S8,2018-07-19T11:02:00,2018-07-19T11:02:00,100,
http://irail.be/vehicle/S85681,http://irail.be/stations/NMBS/008811601,S8,2018-07-19T11:09:00,2018-07-19T11:09:00,,105
http://irail.be/vehicle/S85681,http://irail.be/stations/NMBS/008811676,S8,2018-02-12T11:02:00,2018-02-12T11:02:00,53,
http://irail.be/vehicle/S85681,http://irail.be/stations/NMBS/008811601,S8,2018-02-12T11:09:00,2018-02-12T11:09:00,,52
http://irail.be/vehicle/S85681,http://irail.be/stations/NMBS/008811676,S8,2018-01-11T11:02:00,2018-01-11T11:02:00,33,
http://irail.be/vehicle/S85681,http://irail.be/stations/NMBS/008811601,S8,2018-01-11T11:09:00,2018-01-11T11:09:00,,61
http://irail.be/vehicle/S85681,http://irail.be/stations/NMBS/008811676,S8,2018-04-07T11:02:00,2018-04-07T11:02:00,70,
http://irail.be/vehicle/S85681,http://irail.be/stations/NMBS/008811601,S8,2018-04-07T11:09:00,2018-04-07T11:09:00,,69
http://irail.be/vehicle/S85681,http://irail.be/stations/NMBS/008811676,S8,2018-01-07T11:02:00,2018-01-07T11:02:00,16,
http://irail.be/vehicle/S85681,http://irail.be/stations/NMBS/008811601,S8,2018-01-07T11:09:00,2018-01-07T11:09:00,,47
http://irail.be/vehicle/S85681,http://irail.be/stations/NMBS/008811676,S8,2018-11-01T11:02:00,2018-11-01T11:02:00,35,
http://irail.be/vehicle/S85681,http://irail.be/stations/NMBS/008811601,S8,2018-11-01T11:09:00,2018-11-01T11:09:00,,29
http://irail.be/vehicle/S85681,http://irail.be/stations/NMBS/008811676,S8,2018-07-30T11:02:00,2018-07-30T11:02:00,18,
http://irail.be/vehicle/S85681,http://irail.be/stations/NMBS/008811601,S8,2018-07-30T11:09:00,2018-07-30T11:09:00,,17
http://irail.be/vehicle/S85681,http://irail.be/stations/NMBS/008811676,S8,2018-03-11T11:02:00,2018-03-11T11:02:00,10,
http://irail.be/vehicle/S85681,http://irail.be/stations/NMBS/008811601,S8,2018-03-11T11:09:00,2018-03-11T11:09:00,,49
http://irail.be/vehicle/S85681,http://irail.be/stations/NMBS/008811676,S8,2018-12-08T11:02:00,2018-12-08T11:02:00,16,
http://irail.be/vehicle/S85681,http://irail.be/stations/NMBS/008811601,S8,2018-12-08T11:09:00,2018-12-08T11:09:00,,39
http://irail.be/vehicle/S85681,http://irail.be/stations/NMBS/008811676,S8,2018-05-01T11:02:00,2018-05-01T11:02:00,21,
http://irail.be/vehicle/S85681,http://irail.be/stations/NMBS/008811601,S8,2018-05-01T11:09:00,2018-05-01T11:09:00,,61
http://irail.be/vehicle/S85681,http://irail.be/stations/NMBS/008811676,S8,2018-10-19T11:02:00,2018-10-19T11:02:00,9,
http://irail.be/vehicle/S85681,http://irail.be/stations/NMBS/008811601,S8,2018-10-19T11:09:00,2018-10-19T11:09:00,,65
http://irail.be/vehicle/S85681,http://irail.be/stations/NMBS/008811676,S8,2018-10-06T11:02:00,2018-10-06T11:02:00,13,
http://irail.be/vehicle/S85681,http://irail.be/stations/NMBS/008811601,S8,2018-10-06T11:09:00,2018-10-06T11:09:00,,26
http://irail.be/vehicle/S85681,http://irail.be/stations/NMBS/008811676,S8,2018-05-25T11:02:00,2018-05-25T11:02:00,59,
http://irail.be/vehicle/S85681,http://irail.be/stations/NMBS/008811601,S8,2018-05-25T11:09:00,2018-05-25T11:09:00,,179
http://irail.be/vehicle/S85681,http://irail.be/stations/NMBS/008811676,S8,2018-11-03T11:02:00,2018-11-03T11:02:00,13,
http://irail.be/vehicle/S85681,http://irail.be/stations/NMBS/008811601,S8,2018-11-03T11:09:00,2018-11-03T11:09:00,,40
http://irail.be/vehicle/S85681,http://irail.be/stations/NMBS/008811676,S8,2018-07-01T11:02:00,2018-07-01T11:02:00,-13,
http://irail.be/vehicle/S85681,http://irail.be/stations/NMBS/008811601,S8,2018-07-01T11:09:00,2018-07-01T11:09:00,,38
http://irail.be/vehicle/S85681,http://irail.be/stations/NMBS/008811676,S8,2018-08-14T11:02:00,2018-08-14T11:02:00,11,
http://irail.be/vehicle/S85681,http://irail.be/stations/NMBS/008811601,S8,2018-08-14T11:09:00,2018-08-14T11:09:00,,139
http://irail.be/vehicle/S85681,http://irail.be/stations/NMBS/008811676,S8,2018-01-20T11:02:00,2018-01-20T11:02:00,35,
http://irail.be/vehicle/S85681,http://irail.be/stations/NMBS/008811601,S8,2018-01-20T11:09:00,2018-01-20T11:09:00,,86
http://irail.be/vehicle/S85681,http://irail.be/stations/NMBS/008811676,S8,2018-05-23T11:02:00,2018-05-23T11:02:00,40,
http://irail.be/vehicle/S85681,http://irail.be/stations/NMBS/008811601,S8,2018-05-23T11:09:00,2018-05-23T11:09:00,,167
http://irail.be/vehicle/S85681,http://irail.be/stations/NMBS/008811676,S8,2018-01-12T11:02:00,2018-01-12T11:02:00,9,
http://irail.be/vehicle/S85681,http://irail.be/stations/NMBS/008811601,S8,2018-01-12T11:09:00,2018-01-12T11:09:00,,55
http://irail.be/vehicle/S85681,http://irail.be/stations/NMBS/008811676,S8,2018-04-17T11:02:00,2018-04-17T11:02:00,35,
http://irail.be/vehicle/S85681,http://irail.be/stations/NMBS/008811601,S8,2018-04-17T11:09:00,2018-04-17T11:09:00,,49
http://irail.be/vehicle/S85681,http://irail.be/stations/NMBS/008811676,S8,2018-08-13T11:02:00,2018-08-13T11:02:00,-7,
http://irail.be/vehicle/S85681,http://irail.be/stations/NMBS/008811601,S8,2018-08-13T11:09:00,2018-08-13T11:09:00,,56
http://irail.be/vehicle/S85681,http://irail.be/stations/NMBS/008811676,S8,2018-12-02T11:02:00,2018-12-02T11:02:00,82,
http://irail.be/vehicle/S85681,http://irail.be/stations/NMBS/008811601,S8,2018-12-02T11:09:00,2018-12-02T11:09:00,,81
http://irail.be/vehicle/S85681,http://irail.be/stations/NMBS/008811676,S8,2018-06-28T11:02:00,2018-06-28T11:02:00,48,
http://irail.be/vehicle/S85681,http://irail.be/stations/NMBS/008811601,S8,2018-06-28T11:09:00,2018-06-28T11:09:00,,54
http://irail.be/vehicle/S85681,http://irail.be/stations/NMBS/008811676,S8,2018-03-25T11:02:00,2018-03-25T11:02:00,19,
http://irail.be/vehicle/S85681,http://irail.be/stations/NMBS/008811601,S8,2018-03-25T11:09:00,2018-03-25T11:09:00,,115
http://irail.be/vehicle/S85681,http://irail.be/stations/NMBS/008811676,S8,2018-07-20T11:02:00,2018-07-20T11:02:00,74,
http://irail.be/vehicle/S85681,http://irail.be/stations/NMBS/008811601,S8,2018-07-20T11:09:00,2018-07-20T11:09:00,,60
http://irail.be/vehicle/S85681,http://irail.be/stations/NMBS/008811676,S8,2018-04-04T11:02:00,2018-04-04T11:02:00,69,
http://irail.be/vehicle/S85681,http://irail.be/stations/NMBS/008811601,S8,2018-04-04T11:09:00,2018-04-04T11:09:00,,114
http://irail.be/vehicle/S85681,http://irail.be/stations/NMBS/008811676,S8,2018-11-25T11:02:00,2018-11-25T11:02:00,15,
http://irail.be/vehicle/S85681,http://irail.be/stations/NMBS/008811601,S8,2018-11-25T11:09:00,2018-11-25T11:09:00,,13
http://irail.be/vehicle/S85681,http://irail.be/stations/NMBS/008811676,S8,2018-06-13T11:02:00,2018-06-13T11:02:00,6,
http://irail.be/vehicle/S85681,http://irail.be/stations/NMBS/008811601,S8,2018-06-13T11:09:00,2018-06-13T11:09:00,,69
http://irail.be/vehicle/S85681,http://irail.be/stations/NMBS/008811676,S8,2018-03-28T11:02:00,2018-03-28T11:02:00,28,
http://irail.be/vehicle/S85681,http://irail.be/stations/NMBS/008811601,S8,2018-03-28T11:09:00,2018-03-28T11:09:00,,84
http://irail.be/vehicle/S85681,http://irail.be/stations/NMBS/008811676,S8,2018-03-06T11:02:00,2018-03-06T11:02:00,21,
http://irail.be/vehicle/S85681,http://irail.be/stations/NMBS/008811601,S8,2018-03-06T11:09:00,2018-03-06T11:09:00,,158
http://irail.be/vehicle/S85681,http://irail.be/stations/NMBS/008811676,S8,2018-09-03T11:02:00,2018-09-03T11:02:00,15,
http://irail.be/vehicle/S85681,http://irail.be/stations/NMBS/008811601,S8,2018-09-03T11:09:00,2018-09-03T11:09:00,,71
http://irail.be/vehicle/S85681,http://irail.be/stations/NMBS/008811676,S8,2018-03-03T11:02:00,2018-03-03T11:02:00,32,
http://irail.be/vehicle/S85681,http://irail.be/stations/NMBS/008811601,S8,2018-03-03T11:09:00,2018-03-03T11:09:00,,53
http://irail.be/vehicle/S85681,http://irail.be/stations/NMBS/008811676,S8,2018-10-25T11:02:00,2018-10-25T11:02:00,36,
http://irail.be/vehicle/S85681,http://irail.be/stations/NMBS/008811601,S8,2018-10-25T11:09:00,2018-10-25T11:09:00,,190
http://irail.be/vehicle/S85681,http://irail.be/stations/NMBS/008811676,S8,2018-07-02T11:02:00,2018-07-02T11:02:00,15,
http://irail.be/vehicle/S85681,http://irail.be/stations/NMBS/008811601,S8,2018-07-02T11:09:00,2018-07-02T11:09:00,,122
http://irail.be/vehicle/S85681,http://irail.be/stations/NMBS/008811676,S8,2018-06-05T11:02:00,2018-06-05T11:02:00,132,
http://irail.be/vehicle/S85681,http://irail.be/stations/NMBS/008811601,S8,2018-06-05T11:09:00,2018-06-05T11:09:00,,211
http://irail.be/vehicle/S85681,http://irail.be/stations/NMBS/008811676,S8,2018-10-22T11:02:00,2018-10-22T11:02:00,16,
http://irail.be/vehicle/S85681,http://irail.be/stations/NMBS/008811601,S8,2018-10-22T11:09:00,2018-10-22T11:09:00,,61
http://irail.be/vehicle/S85681,http://irail.be/stations/NMBS/008811676,S8,2018-03-22T11:02:00,2018-03-22T11:02:00,19,
http://irail.be/vehicle/S85681,http://irail.be/stations/NMBS/008811601,S8,2018-03-22T11:09:00,2018-03-22T11:09:00,,102
http://irail.be/vehicle/S85681,http://irail.be/stations/NMBS/008811676,S8,2018-02-18T11:02:00,2018-02-18T11:02:00,11,
http://irail.be/vehicle/S85681,http://irail.be/stations/NMBS/008811601,S8,2018-02-18T11:09:00,2018-02-18T11:09:00,,8
http://irail.be/vehicle/S85681,http://irail.be/stations/NMBS/008811676,S8,2018-07-31T11:02:00,2018-07-31T11:02:00,2,
http://irail.be/vehicle/S85681,http://irail.be/stations/NMBS/008811601,S8,2018-07-31T11:09:00,2018-07-31T11:09:00,,14
http://irail.be/vehicle/S85681,http://irail.be/stations/NMBS/008811676,S8,2018-12-06T11:02:00,2018-12-06T11:02:00,156,
http://irail.be/vehicle/S85681,http://irail.be/stations/NMBS/008811601,S8,2018-12-06T11:09:00,2018-12-06T11:09:00,,161
http://irail.be/vehicle/S85681,http://irail.be/stations/NMBS/008811676,S8,2018-01-25T11:02:00,2018-01-25T11:02:00,17,
http://irail.be/vehicle/S85681,http://irail.be/stations/NMBS/008811601,S8,2018-01-25T11:09:00,2018-01-25T11:09:00,,27
http://irail.be/vehicle/S85681,http://irail.be/stations/NMBS/008811676,S8,2018-06-11T11:02:00,2018-06-11T11:02:00,107,
http://irail.be/vehicle/S85681,http://irail.be/stations/NMBS/008811601,S8,2018-06-11T11:09:00,2018-06-11T11:09:00,,171
http://irail.be/vehicle/S85681,http://irail.be/stations/NMBS/008811676,S8,2018-06-27T11:02:00,2018-06-27T11:02:00,24,
http://irail.be/vehicle/S85681,http://irail.be/stations/NMBS/008811601,S8,2018-06-27T11:09:00,2018-06-27T11:09:00,,50
http://irail.be/vehicle/S85681,http://irail.be/stations/NMBS/008811676,S8,2018-11-18T11:02:00,2018-11-18T11:02:00,23,
http://irail.be/vehicle/S85681,http://irail.be/stations/NMBS/008811601,S8,2018-11-18T11:09:00,2018-11-18T11:09:00,,13
http://irail.be/vehicle/S85681,http://irail.be/stations/NMBS/008811676,S8,2018-02-21T11:02:00,2018-02-21T11:02:00,29,
http://irail.be/vehicle/S85681,http://irail.be/stations/NMBS/008811601,S8,2018-02-21T11:09:00,2018-02-21T11:09:00,,50
http://irail.be/vehicle/S85681,http://irail.be/stations/NMBS/008811676,S8,2018-11-07T11:02:00,2018-11-07T11:02:00,43,
http://irail.be/vehicle/S85681,http://irail.be/stations/NMBS/008811601,S8,2018-11-07T11:09:00,2018-11-07T11:09:00,,84
http://irail.be/vehicle/S85681,http://irail.be/stations/NMBS/008811676,S8,2018-06-17T11:02:00,2018-06-17T11:02:00,-2,
http://irail.be/vehicle/S85681,http://irail.be/stations/NMBS/008811601,S8,2018-06-17T11:09:00,2018-06-17T11:09:00,,30
http://irail.be/vehicle/S85681,http://irail.be/stations/NMBS/008811676,S8,2018-05-16T11:02:00,2018-05-16T11:02:00,39,
http://irail.be/vehicle/S85681,http://irail.be/stations/NMBS/008811601,S8,2018-05-16T11:09:00,2018-05-16T11:09:00,,87
http://irail.be/vehicle/S85681,http://irail.be/stations/NMBS/008811676,S8,2018-04-06T11:02:00,2018-04-06T11:02:00,4,
http://irail.be/vehicle/S85681,http://irail.be/stations/NMBS/008811601,S8,2018-04-06T11:09:00,2018-04-06T11:09:00,,33
http://irail.be/vehicle/S85681,http://irail.be/stations/NMBS/008811676,S8,2018-02-16T11:02:00,2018-02-16T11:02:00,3,
http://irail.be/vehicle/S85681,http://irail.be/stations/NMBS/008811601,S8,2018-02-16T11:09:00,2018-02-16T11:09:00,,34
http://irail.be/vehicle/S85681,http://irail.be/stations/NMBS/008811676,S8,2018-01-16T11:02:00,2018-01-16T11:02:00,37,
http://irail.be/vehicle/S85681,http://irail.be/stations/NMBS/008811601,S8,2018-01-16T11:09:00,2018-01-16T11:09:00,,65
http://irail.be/vehicle/S85681,http://irail.be/stations/NMBS/008811676,S8,2018-08-07T11:02:00,2018-08-07T11:02:00,2,
http://irail.be/vehicle/S85681,http://irail.be/stations/NMBS/008811601,S8,2018-08-07T11:09:00,2018-08-07T11:09:00,,129
http://irail.be/vehicle/S85681,http://irail.be/stations/NMBS/008811676,S8,2018-11-12T11:02:00,2018-11-12T11:02:00,-9,
http://irail.be/vehicle/S85681,http://irail.be/stations/NMBS/008811601,S8,2018-11-12T11:09:00,2018-11-12T11:09:00,,63
http://irail.be/vehicle/S85681,http://irail.be/stations/NMBS/008811676,S8,2018-04-20T11:02:00,2018-04-20T11:02:00,20,
http://irail.be/vehicle/S85681,http://irail.be/stations/NMBS/008811601,S8,2018-04-20T11:09:00,2018-04-20T11:09:00,,99
http://irail.be/vehicle/S85681,http://irail.be/stations/NMBS/008811676,S8,2018-05-18T11:02:00,2018-05-18T11:02:00,6,
http://irail.be/vehicle/S85681,http://irail.be/stations/NMBS/008811601,S8,2018-05-18T11:09:00,2018-05-18T11:09:00,,53
http://irail.be/vehicle/S85681,http://irail.be/stations/NMBS/008811676,S8,2018-07-15T11:02:00,2018-07-15T11:02:00,0,
http://irail.be/vehicle/S85681,http://irail.be/stations/NMBS/008811601,S8,2018-07-15T11:09:00,2018-07-15T11:09:00,,45
http://irail.be/vehicle/S85681,http://irail.be/stations/NMBS/008811676,S8,2018-05-03T11:02:00,2018-05-03T11:02:00,54,
http://irail.be/vehicle/S85681,http://irail.be/stations/NMBS/008811601,S8,2018-05-03T11:09:00,2018-05-03T11:09:00,,87
http://irail.be/vehicle/S85681,http://irail.be/stations/NMBS/008811676,S8,2018-09-01T11:02:00,2018-09-01T11:02:00,11,
http://irail.be/vehicle/S85681,http://irail.be/stations/NMBS/008811601,S8,2018-09-01T11:09:00,2018-09-01T11:09:00,,23
http://irail.be/vehicle/S85681,http://irail.be/stations/NMBS/008811676,S8,2018-04-02T11:02:00,2018-04-02T11:02:00,14,
http://irail.be/vehicle/S85681,http://irail.be/stations/NMBS/008811601,S8,2018-04-02T11:09:00,2018-04-02T11:09:00,,28
http://irail.be/vehicle/S85681,http://irail.be/stations/NMBS/008811676,S8,2018-08-25T11:02:00,2018-08-25T11:02:00,13,
http://irail.be/vehicle/S85681,http://irail.be/stations/NMBS/008811601,S8,2018-08-25T11:09:00,2018-08-25T11:09:00,,56
http://irail.be/vehicle/S85681,http://irail.be/stations/NMBS/008811676,S8,2018-04-18T11:02:00,2018-04-18T11:02:00,16,
http://irail.be/vehicle/S85681,http://irail.be/stations/NMBS/008811601,S8,2018-04-18T11:09:00,2018-04-18T11:09:00,,30
http://irail.be/vehicle/S85681,http://irail.be/stations/NMBS/008811676,S8,2018-09-08T11:02:00,2018-09-08T11:02:00,22,
http://irail.be/vehicle/S85681,http://irail.be/stations/NMBS/008811601,S8,2018-09-08T11:09:00,2018-09-08T11:09:00,,67
http://irail.be/vehicle/S85681,http://irail.be/stations/NMBS/008811676,S8,2018-02-15T11:02:00,2018-02-15T11:02:00,146,
http://irail.be/vehicle/S85681,http://irail.be/stations/NMBS/008811601,S8,2018-02-15T11:09:00,2018-02-15T11:09:00,,126
http://irail.be/vehicle/S85681,http://irail.be/stations/NMBS/008811676,S8,2018-09-30T11:02:00,2018-09-30T11:02:00,36,
http://irail.be/vehicle/S85681,http://irail.be/stations/NMBS/008811601,S8,2018-09-30T11:09:00,2018-09-30T11:09:00,,76
http://irail.be/vehicle/S85681,http://irail.be/stations/NMBS/008811676,S8,2018-05-19T11:02:00,2018-05-19T11:02:00,12,
http://irail.be/vehicle/S85681,http://irail.be/stations/NMBS/008811601,S8,2018-05-19T11:09:00,2018-05-19T11:09:00,,26
http://irail.be/vehicle/S85681,http://irail.be/stations/NMBS/008811676,S8,2018-01-14T11:02:00,2018-01-14T11:02:00,10,
http://irail.be/vehicle/S85681,http://irail.be/stations/NMBS/008811601,S8,2018-01-14T11:09:00,2018-01-14T11:09:00,,21
http://irail.be/vehicle/S85681,http://irail.be/stations/NMBS/008811676,S8,2018-01-02T11:02:00,2018-01-02T11:02:00,22,
http://irail.be/vehicle/S85681,http://irail.be/stations/NMBS/008811601,S8,2018-01-02T11:09:00,2018-01-02T11:09:00,,84
http://irail.be/vehicle/S85681,http://irail.be/stations/NMBS/008811676,S8,2018-07-09T11:02:00,2018-07-09T11:02:00,12,
http://irail.be/vehicle/S85681,http://irail.be/stations/NMBS/008811601,S8,2018-07-09T11:09:00,2018-07-09T11:09:00,,60
http://irail.be/vehicle/S85681,http://irail.be/stations/NMBS/008811676,S8,2018-08-31T11:02:00,2018-08-31T11:02:00,-14,
http://irail.be/vehicle/S85681,http://irail.be/stations/NMBS/008811601,S8,2018-08-31T11:09:00,2018-08-31T11:09:00,,164
http://irail.be/vehicle/S85681,http://irail.be/stations/NMBS/008811676,S8,2018-04-21T11:02:00,2018-04-21T11:02:00,98,
http://irail.be/vehicle/S85681,http://irail.be/stations/NMBS/008811601,S8,2018-04-21T11:09:00,2018-04-21T11:09:00,,204
http://irail.be/vehicle/S85681,http://irail.be/stations/NMBS/008811676,S8,2018-02-13T11:02:00,2018-02-13T11:02:00,27,
http://irail.be/vehicle/S85681,http://irail.be/stations/NMBS/008811601,S8,2018-02-13T11:09:00,2018-02-13T11:09:00,,63
http://irail.be/vehicle/S85681,http://irail.be/stations/NMBS/008811676,S8,2018-03-27T11:02:00,2018-03-27T11:02:00,26,
http://irail.be/vehicle/S85681,http://irail.be/stations/NMBS/008811601,S8,2018-03-27T11:09:00,2018-03-27T11:09:00,,23
http://irail.be/vehicle/S85681,http://irail.be/stations/NMBS/008811676,S8,2018-08-12T11:02:00,2018-08-12T11:02:00,18,
http://irail.be/vehicle/S85681,http://irail.be/stations/NMBS/008811601,S8,2018-08-12T11:09:00,2018-08-12T11:09:00,,39
http://irail.be/vehicle/S85681,http://irail.be/stations/NMBS/008811676,S8,2018-08-02T11:02:00,2018-08-02T11:02:00,90,
http://irail.be/vehicle/S85681,http://irail.be/stations/NMBS/008811601,S8,2018-08-02T11:09:00,2018-08-02T11:09:00,,103
http://irail.be/vehicle/S85681,http://irail.be/stations/NMBS/008811676,S8,2018-02-25T11:02:00,2018-02-25T11:02:00,34,
http://irail.be/vehicle/S85681,http://irail.be/stations/NMBS/008811601,S8,2018-02-25T11:09:00,2018-02-25T11:09:00,,94
http://irail.be/vehicle/S85681,http://irail.be/stations/NMBS/008811676,S8,2018-07-28T11:02:00,2018-07-28T11:02:00,10,
http://irail.be/vehicle/S85681,http://irail.be/stations/NMBS/008811601,S8,2018-07-28T11:09:00,2018-07-28T11:09:00,,25
http://irail.be/vehicle/S85681,http://irail.be/stations/NMBS/008811676,S8,2018-05-02T11:02:00,2018-05-02T11:02:00,10,
http://irail.be/vehicle/S85681,http://irail.be/stations/NMBS/008811601,S8,2018-05-02T11:09:00,2018-05-02T11:09:00,,53
http://irail.be/vehicle/S85681,http://irail.be/stations/NMBS/008811676,S8,2018-01-06T11:02:00,2018-01-06T11:02:00,11,
http://irail.be/vehicle/S85681,http://irail.be/stations/NMBS/008811601,S8,2018-01-06T11:09:00,2018-01-06T11:09:00,,41
http://irail.be/vehicle/S85681,http://irail.be/stations/NMBS/008811676,S8,2018-04-10T11:02:00,2018-04-10T11:02:00,16,
http://irail.be/vehicle/S85681,http://irail.be/stations/NMBS/008811601,S8,2018-04-10T11:09:00,2018-04-10T11:09:00,,60
http://irail.be/vehicle/S85681,http://irail.be/stations/NMBS/008811676,S8,2018-10-17T11:02:00,2018-10-17T11:02:00,26,
http://irail.be/vehicle/S85681,http://irail.be/stations/NMBS/008811601,S8,2018-10-17T11:09:00,2018-10-17T11:09:00,,62
http://irail.be/vehicle/S85681,http://irail.be/stations/NMBS/008811676,S8,2018-05-30T11:02:00,2018-05-30T11:02:00,49,
http://irail.be/vehicle/S85681,http://irail.be/stations/NMBS/008811601,S8,2018-05-30T11:09:00,2018-05-30T11:09:00,,86
http://irail.be/vehicle/S85681,http://irail.be/stations/NMBS/008811676,S8,2018-07-03T11:02:00,2018-07-03T11:02:00,103,
http://irail.be/vehicle/S85681,http://irail.be/stations/NMBS/008811601,S8,2018-07-03T11:09:00,2018-07-03T11:09:00,,197
http://irail.be/vehicle/S85681,http://irail.be/stations/NMBS/008811676,S8,2018-06-12T11:02:00,2018-06-12T11:02:00,25,
http://irail.be/vehicle/S85681,http://irail.be/stations/NMBS/008811601,S8,2018-06-12T11:09:00,2018-06-12T11:09:00,,109
http://irail.be/vehicle/S85681,http://irail.be/stations/NMBS/008811676,S8,2018-04-13T11:02:00,2018-04-13T11:02:00,10,
http://irail.be/vehicle/S85681,http://irail.be/stations/NMBS/008811601,S8,2018-04-13T11:09:00,2018-04-13T11:09:00,,60
http://irail.be/vehicle/S85681,http://irail.be/stations/NMBS/008811676,S8,2018-10-01T11:02:00,2018-10-01T11:02:00,36,
http://irail.be/vehicle/S85681,http://irail.be/stations/NMBS/008811601,S8,2018-10-01T11:09:00,2018-10-01T11:09:00,,279
http://irail.be/vehicle/S85681,http://irail.be/stations/NMBS/008811676,S8,2018-08-29T11:02:00,2018-08-29T11:02:00,12,
http://irail.be/vehicle/S85681,http://irail.be/stations/NMBS/008811601,S8,2018-08-29T11:09:00,2018-08-29T11:09:00,,72
http://irail.be/vehicle/S85681,http://irail.be/stations/NMBS/008811676,S8,2018-02-08T11:02:00,2018-02-08T11:02:00,28,
http://irail.be/vehicle/S85681,http://irail.be/stations/NMBS/008811601,S8,2018-02-08T11:09:00,2018-02-08T11:09:00,,51
http://irail.be/vehicle/S85681,http://irail.be/stations/NMBS/008811676,S8,2018-08-08T11:02:00,2018-08-08T11:02:00,-3,
http://irail.be/vehicle/S85681,http://irail.be/stations/NMBS/008811601,S8,2018-08-08T11:09:00,2018-08-08T11:09:00,,118
http://irail.be/vehicle/S85681,http://irail.be/stations/NMBS/008811676,S8,2018-07-05T11:02:00,2018-07-05T11:02:00,10,
http://irail.be/vehicle/S85681,http://irail.be/stations/NMBS/008811601,S8,2018-07-05T11:09:00,2018-07-05T11:09:00,,90
http://irail.be/vehicle/S85681,http://irail.be/stations/NMBS/008811676,S8,2018-06-26T11:02:00,2018-06-26T11:02:00,3,
http://irail.be/vehicle/S85681,http://irail.be/stations/NMBS/008811601,S8,2018-06-26T11:09:00,2018-06-26T11:09:00,,55
http://irail.be/vehicle/S85681,http://irail.be/stations/NMBS/008811676,S8,2018-04-19T11:02:00,2018-04-19T11:02:00,16,
http://irail.be/vehicle/S85681,http://irail.be/stations/NMBS/008811601,S8,2018-04-19T11:09:00,2018-04-19T11:09:00,,29
http://irail.be/vehicle/S85681,http://irail.be/stations/NMBS/008811676,S8,2018-07-14T11:02:00,2018-07-14T11:02:00,16,
http://irail.be/vehicle/S85681,http://irail.be/stations/NMBS/008811601,S8,2018-07-14T11:09:00,2018-07-14T11:09:00,,58
http://irail.be/vehicle/S85681,http://irail.be/stations/NMBS/008811676,S8,2018-09-11T11:02:00,2018-09-11T11:02:00,41,
http://irail.be/vehicle/S85681,http://irail.be/stations/NMBS/008811601,S8,2018-09-11T11:09:00,2018-09-11T11:09:00,,91
http://irail.be/vehicle/S85681,http://irail.be/stations/NMBS/008811676,S8,2018-11-14T11:02:00,2018-11-14T11:02:00,-13,
http://irail.be/vehicle/S85681,http://irail.be/stations/NMBS/008811601,S8,2018-11-14T11:09:00,2018-11-14T11:09:00,,78
http://irail.be/vehicle/S85681,http://irail.be/stations/NMBS/008811676,S8,2018-01-24T11:02:00,2018-01-24T11:02:00,16,
http://irail.be/vehicle/S85681,http://irail.be/stations/NMBS/008811601,S8,2018-01-24T11:09:00,2018-01-24T11:09:00,,72
http://irail.be/vehicle/S85681,http://irail.be/stations/NMBS/008811676,S8,2018-06-22T11:02:00,2018-06-22T11:02:00,4,
http://irail.be/vehicle/S85681,http://irail.be/stations/NMBS/008811601,S8,2018-06-22T11:09:00,2018-06-22T11:09:00,,58
http://irail.be/vehicle/S85681,http://irail.be/stations/NMBS/008811676,S8,2018-03-07T11:02:00,2018-03-07T11:02:00,14,
http://irail.be/vehicle/S85681,http://irail.be/stations/NMBS/008811601,S8,2018-03-07T11:09:00,2018-03-07T11:09:00,,68
http://irail.be/vehicle/S85681,http://irail.be/stations/NMBS/008811676,S8,2018-10-04T11:02:00,2018-10-04T11:02:00,20,
http://irail.be/vehicle/S85681,http://irail.be/stations/NMBS/008811601,S8,2018-10-04T11:09:00,2018-10-04T11:09:00,,152
http://irail.be/vehicle/S85681,http://irail.be/stations/NMBS/008811676,S8,2018-03-04T11:02:00,2018-03-04T11:02:00,35,
http://irail.be/vehicle/S85681,http://irail.be/stations/NMBS/008811601,S8,2018-03-04T11:09:00,2018-03-04T11:09:00,,17
http://irail.be/vehicle/S85681,http://irail.be/stations/NMBS/008811676,S8,2018-01-29T11:02:00,2018-01-29T11:02:00,17,
http://irail.be/vehicle/S85681,http://irail.be/stations/NMBS/008811601,S8,2018-01-29T11:09:00,2018-01-29T11:09:00,,67
http://irail.be/vehicle/S85681,http://irail.be/stations/NMBS/008811676,S8,2018-04-25T11:02:00,2018-04-25T11:02:00,13,
http://irail.be/vehicle/S85681,http://irail.be/stations/NMBS/008811601,S8,2018-04-25T11:09:00,2018-04-25T11:09:00,,104
http://irail.be/vehicle/S85681,http://irail.be/stations/NMBS/008811676,S8,2018-01-03T11:02:00,2018-01-03T11:02:00,36,
http://irail.be/vehicle/S85681,http://irail.be/stations/NMBS/008811601,S8,2018-01-03T11:09:00,2018-01-03T11:09:00,,73
http://irail.be/vehicle/S85681,http://irail.be/stations/NMBS/008811676,S8,2018-08-03T11:02:00,2018-08-03T11:02:00,10,
http://irail.be/vehicle/S85681,http://irail.be/stations/NMBS/008811601,S8,2018-08-03T11:09:00,2018-08-03T11:09:00,,91
http://irail.be/vehicle/S85681,http://irail.be/stations/NMBS/008811676,S8,2018-08-20T11:02:00,2018-08-20T11:02:00,14,
http://irail.be/vehicle/S85681,http://irail.be/stations/NMBS/008811601,S8,2018-08-20T11:09:00,2018-08-20T11:09:00,,39
http://irail.be/vehicle/S85681,http://irail.be/stations/NMBS/008811676,S8,2018-10-28T11:02:00,2018-10-28T11:02:00,-7,
http://irail.be/vehicle/S85681,http://irail.be/stations/NMBS/008811601,S8,2018-10-28T11:09:00,2018-10-28T11:09:00,,-4
http://irail.be/vehicle/S85681,http://irail.be/stations/NMBS/008811676,S8,2018-10-24T11:02:00,2018-10-24T11:02:00,52,
http://irail.be/vehicle/S85681,http://irail.be/stations/NMBS/008811601,S8,2018-10-24T11:09:00,2018-10-24T11:09:00,,154
http://irail.be/vehicle/S85681,http://irail.be/stations/NMBS/008811676,S8,2018-11-28T11:02:00,2018-11-28T11:02:00,64,
http://irail.be/vehicle/S85681,http://irail.be/stations/NMBS/008811601,S8,2018-11-28T11:09:00,2018-11-28T11:09:00,,118
http://irail.be/vehicle/S85681,http://irail.be/stations/NMBS/008811676,S8,2018-09-07T11:02:00,2018-09-07T11:02:00,9,
http://irail.be/vehicle/S85681,http://irail.be/stations/NMBS/008811601,S8,2018-09-07T11:09:00,2018-09-07T11:09:00,,60
http://irail.be/vehicle/S85681,http://irail.be/stations/NMBS/008811676,S8,2018-09-02T11:02:00,2018-09-02T11:02:00,-20,
http://irail.be/vehicle/S85681,http://irail.be/stations/NMBS/008811601,S8,2018-09-02T11:09:00,2018-09-02T11:09:00,,30
http://irail.be/vehicle/S85681,http://irail.be/stations/NMBS/008811676,S8,2018-05-28T11:02:00,2018-05-28T11:02:00,18,
http://irail.be/vehicle/S85681,http://irail.be/stations/NMBS/008811601,S8,2018-05-28T11:09:00,2018-05-28T11:09:00,,68
http://irail.be/vehicle/S85681,http://irail.be/stations/NMBS/008811676,S8,2018-02-14T11:02:00,2018-02-14T11:02:00,20,
http://irail.be/vehicle/S85681,http://irail.be/stations/NMBS/008811601,S8,2018-02-14T11:09:00,2018-02-14T11:09:00,,48
http://irail.be/vehicle/S85681,http://irail.be/stations/NMBS/008811676,S8,2018-01-31T11:02:00,2018-01-31T11:02:00,40,
http://irail.be/vehicle/S85681,http://irail.be/stations/NMBS/008811601,S8,2018-01-31T11:09:00,2018-01-31T11:09:00,,73
http://irail.be/vehicle/S85681,http://irail.be/stations/NMBS/008811676,S8,2018-10-10T11:02:00,2018-10-10T11:02:00,31,
http://irail.be/vehicle/S85681,http://irail.be/stations/NMBS/008811601,S8,2018-10-10T11:09:00,2018-10-10T11:09:00,,84
http://irail.be/vehicle/S85681,http://irail.be/stations/NMBS/008811676,S8,2018-06-06T11:02:00,2018-06-06T11:02:00,21,
http://irail.be/vehicle/S85681,http://irail.be/stations/NMBS/008811601,S8,2018-06-06T11:09:00,2018-06-06T11:09:00,,65
http://irail.be/vehicle/S85681,http://irail.be/stations/NMBS/008811676,S8,2018-04-16T11:02:00,2018-04-16T11:02:00,26,
http://irail.be/vehicle/S85681,http://irail.be/stations/NMBS/008811601,S8,2018-04-16T11:09:00,2018-04-16T11:09:00,,81
http://irail.be/vehicle/S85681,http://irail.be/stations/NMBS/008811676,S8,2018-09-24T11:02:00,2018-09-24T11:02:00,133,
http://irail.be/vehicle/S85681,http://irail.be/stations/NMBS/008811601,S8,2018-09-24T11:09:00,2018-09-24T11:09:00,,338
http://irail.be/vehicle/S85681,http://irail.be/stations/NMBS/008811676,S8,2018-02-22T11:02:00,2018-02-22T11:02:00,21,
http://irail.be/vehicle/S85681,http://irail.be/stations/NMBS/008811601,S8,2018-02-22T11:09:00,2018-02-22T11:09:00,,89
http://irail.be/vehicle/S85681,http://irail.be/stations/NMBS/008811676,S8,2018-09-21T11:02:00,2018-09-21T11:02:00,5,
http://irail.be/vehicle/S85681,http://irail.be/stations/NMBS/008811601,S8,2018-09-21T11:09:00,2018-09-21T11:09:00,,22
http://irail.be/vehicle/S85681,http://irail.be/stations/NMBS/008811676,S8,2018-10-14T11:02:00,2018-10-14T11:02:00,21,
http://irail.be/vehicle/S85681,http://irail.be/stations/NMBS/008811601,S8,2018-10-14T11:09:00,2018-10-14T11:09:00,,150
http://irail.be/vehicle/S85681,http://irail.be/stations/NMBS/008811676,S8,2018-09-23T11:02:00,2018-09-23T11:02:00,13,
http://irail.be/vehicle/S85681,http://irail.be/stations/NMBS/008811601,S8,2018-09-23T11:09:00,2018-09-23T11:09:00,,62
http://irail.be/vehicle/S85681,http://irail.be/stations/NMBS/008811676,S8,2018-04-15T11:02:00,2018-04-15T11:02:00,22,
http://irail.be/vehicle/S85681,http://irail.be/stations/NMBS/008811601,S8,2018-04-15T11:09:00,2018-04-15T11:09:00,,49
http://irail.be/vehicle/S85681,http://irail.be/stations/NMBS/008811676,S8,2018-11-19T11:02:00,2018-11-19T11:02:00,5,
http://irail.be/vehicle/S85681,http://irail.be/stations/NMBS/008811601,S8,2018-11-19T11:09:00,2018-11-19T11:09:00,,54
http://irail.be/vehicle/S85681,http://irail.be/stations/NMBS/008811676,S8,2018-01-28T11:02:00,2018-01-28T11:02:00,15,
http://irail.be/vehicle/S85681,http://irail.be/stations/NMBS/008811601,S8,2018-01-28T11:09:00,2018-01-28T11:09:00,,109
http://irail.be/vehicle/S85681,http://irail.be/stations/NMBS/008811676,S8,2018-05-05T11:02:00,2018-05-05T11:02:00,31,
http://irail.be/vehicle/S85681,http://irail.be/stations/NMBS/008811601,S8,2018-05-05T11:09:00,2018-05-05T11:09:00,,68
http://irail.be/vehicle/S85681,http://irail.be/stations/NMBS/008811676,S8,2018-05-24T11:02:00,2018-05-24T11:02:00,46,
http://irail.be/vehicle/S85681,http://irail.be/stations/NMBS/008811601,S8,2018-05-24T11:09:00,2018-05-24T11:09:00,,69
http://irail.be/vehicle/S85681,http://irail.be/stations/NMBS/008811676,S8,2018-08-19T11:02:00,2018-08-19T11:02:00,13,
http://irail.be/vehicle/S85681,http://irail.be/stations/NMBS/008811601,S8,2018-08-19T11:09:00,2018-08-19T11:09:00,,18
http://irail.be/vehicle/S85681,http://irail.be/stations/NMBS/008811676,S8,2018-03-17T11:02:00,2018-03-17T11:02:00,28,
http://irail.be/vehicle/S85681,http://irail.be/stations/NMBS/008811601,S8,2018-03-17T11:09:00,2018-03-17T11:09:00,,77
http://irail.be/vehicle/S85681,http://irail.be/stations/NMBS/008811676,S8,2018-11-17T11:02:00,2018-11-17T11:02:00,11,
http://irail.be/vehicle/S85681,http://irail.be/stations/NMBS/008811601,S8,2018-11-17T11:09:00,2018-11-17T11:09:00,,22
http://irail.be/vehicle/S85681,http://irail.be/stations/NMBS/008811676,S8,2018-02-02T11:02:00,2018-02-02T11:02:00,44,
http://irail.be/vehicle/S85681,http://irail.be/stations/NMBS/008811601,S8,2018-02-02T11:09:00,2018-02-02T11:09:00,,123
http://irail.be/vehicle/S85681,http://irail.be/stations/NMBS/008811676,S8,2018-09-27T11:02:00,2018-09-27T11:02:00,47,
http://irail.be/vehicle/S85681,http://irail.be/stations/NMBS/008811601,S8,2018-09-27T11:09:00,2018-09-27T11:09:00,,240
http://irail.be/vehicle/S85681,http://irail.be/stations/NMBS/008811676,S8,2018-11-09T11:02:00,2018-11-09T11:02:00,15,
http://irail.be/vehicle/S85681,http://irail.be/stations/NMBS/008811601,S8,2018-11-09T11:09:00,2018-11-09T11:09:00,,143
http://irail.be/vehicle/S85681,http://irail.be/stations/NMBS/008811676,S8,2018-09-22T11:02:00,2018-09-22T11:02:00,2,
http://irail.be/vehicle/S85681,http://irail.be/stations/NMBS/008811601,S8,2018-09-22T11:09:00,2018-09-22T11:09:00,,36
http://irail.be/vehicle/S85681,http://irail.be/stations/NMBS/008811676,S8,2018-03-21T11:02:00,2018-03-21T11:02:00,38,
http://irail.be/vehicle/S85681,http://irail.be/stations/NMBS/008811601,S8,2018-03-21T11:09:00,2018-03-21T11:09:00,,68
http://irail.be/vehicle/S85681,http://irail.be/stations/NMBS/008811676,S8,2018-10-02T11:02:00,2018-10-02T11:02:00,14,
http://irail.be/vehicle/S85681,http://irail.be/stations/NMBS/008811601,S8,2018-10-02T11:09:00,2018-10-02T11:09:00,,47
http://irail.be/vehicle/S85681,http://irail.be/stations/NMBS/008811676,S8,2018-04-30T11:02:00,2018-04-30T11:02:00,27,
http://irail.be/vehicle/S85681,http://irail.be/stations/NMBS/008811601,S8,2018-04-30T11:09:00,2018-04-30T11:09:00,,38
http://irail.be/vehicle/S85681,http://irail.be/stations/NMBS/008811676,S8,2018-01-01T11:02:00,2018-01-01T11:02:00,88,
http://irail.be/vehicle/S85681,http://irail.be/stations/NMBS/008811601,S8,2018-01-01T11:09:00,2018-01-01T11:09:00,,106
http://irail.be/vehicle/S85681,http://irail.be/stations/NMBS/008811676,S8,2018-08-23T11:02:00,2018-08-23T11:02:00,28,
http://irail.be/vehicle/S85681,http://irail.be/stations/NMBS/008811601,S8,2018-08-23T11:09:00,2018-08-23T11:09:00,,112
http://irail.be/vehicle/S85681,http://irail.be/stations/NMBS/008811676,S8,2018-08-16T11:02:00,2018-08-16T11:02:00,21,
http://irail.be/vehicle/S85681,http://irail.be/stations/NMBS/008811601,S8,2018-08-16T11:09:00,2018-08-16T11:09:00,,121
http://irail.be/vehicle/S85681,http://irail.be/stations/NMBS/008811676,S8,2018-10-12T11:02:00,2018-10-12T11:02:00,49,
http://irail.be/vehicle/S85681,http://irail.be/stations/NMBS/008811601,S8,2018-10-12T11:09:00,2018-10-12T11:09:00,,120
http://irail.be/vehicle/S85681,http://irail.be/stations/NMBS/008811676,S8,2018-01-30T11:02:00,2018-01-30T11:02:00,21,
http://irail.be/vehicle/S85681,http://irail.be/stations/NMBS/008811601,S8,2018-01-30T11:09:00,2018-01-30T11:09:00,,42
http://irail.be/vehicle/S85681,http://irail.be/stations/NMBS/008811676,S8,2018-08-30T11:02:00,2018-08-30T11:02:00,3,
http://irail.be/vehicle/S85681,http://irail.be/stations/NMBS/008811601,S8,2018-08-30T11:09:00,2018-08-30T11:09:00,,54
http://irail.be/vehicle/S85681,http://irail.be/stations/NMBS/008811676,S8,2018-08-27T11:02:00,2018-08-27T11:02:00,10,
http://irail.be/vehicle/S85681,http://irail.be/stations/NMBS/008811601,S8,2018-08-27T11:09:00,2018-08-27T11:09:00,,60
http://irail.be/vehicle/S85681,http://irail.be/stations/NMBS/008811676,S8,2018-06-10T11:02:00,2018-06-10T11:02:00,36,
http://irail.be/vehicle/S85681,http://irail.be/stations/NMBS/008811601,S8,2018-06-10T11:09:00,2018-06-10T11:09:00,,103
http://irail.be/vehicle/S85681,http://irail.be/stations/NMBS/008811676,S8,2018-01-18T11:02:00,2018-01-18T11:02:00,47,
http://irail.be/vehicle/S85681,http://irail.be/stations/NMBS/008811601,S8,2018-01-18T11:09:00,2018-01-18T11:09:00,,91
http://irail.be/vehicle/S85681,http://irail.be/stations/NMBS/008811676,S8,2018-11-13T11:02:00,2018-11-13T11:02:00,33,
http://irail.be/vehicle/S85681,http://irail.be/stations/NMBS/008811601,S8,2018-11-13T11:09:00,2018-11-13T11:09:00,,290
http://irail.be/vehicle/S85681,http://irail.be/stations/NMBS/008811676,S8,2018-10-20T11:02:00,2018-10-20T11:02:00,23,
http://irail.be/vehicle/S85681,http://irail.be/stations/NMBS/008811601,S8,2018-10-20T11:09:00,2018-10-20T11:09:00,,45
http://irail.be/vehicle/S85681,http://irail.be/stations/NMBS/008811676,S8,2018-12-04T11:02:00,2018-12-04T11:02:00,93,
http://irail.be/vehicle/S85681,http://irail.be/stations/NMBS/008811601,S8,2018-12-04T11:09:00,2018-12-04T11:09:00,,198
http://irail.be/vehicle/S85681,http://irail.be/stations/NMBS/008811676,S8,2018-04-01T11:02:00,2018-04-01T11:02:00,21,
http://irail.be/vehicle/S85681,http://irail.be/stations/NMBS/008811601,S8,2018-04-01T11:09:00,2018-04-01T11:09:00,,-4
http://irail.be/vehicle/S85681,http://irail.be/stations/NMBS/008811676,S8,2018-07-17T11:02:00,2018-07-17T11:02:00,9,
http://irail.be/vehicle/S85681,http://irail.be/stations/NMBS/008811601,S8,2018-07-17T11:09:00,2018-07-17T11:09:00,,65
http://irail.be/vehicle/S85681,http://irail.be/stations/NMBS/008811676,S8,2018-09-05T11:02:00,2018-09-05T11:02:00,-1,
http://irail.be/vehicle/S85681,http://irail.be/stations/NMBS/008811601,S8,2018-09-05T11:09:00,2018-09-05T11:09:00,,73
http://irail.be/vehicle/S85681,http://irail.be/stations/NMBS/008811676,S8,2018-07-24T11:02:00,2018-07-24T11:02:00,8,
http://irail.be/vehicle/S85681,http://irail.be/stations/NMBS/008811601,S8,2018-07-24T11:09:00,2018-07-24T11:09:00,,58
http://irail.be/vehicle/S85681,http://irail.be/stations/NMBS/008811676,S8,2018-09-18T11:02:00,2018-09-18T11:02:00,7,
http://irail.be/vehicle/S85681,http://irail.be/stations/NMBS/008811601,S8,2018-09-18T11:09:00,2018-09-18T11:09:00,,193
